text_instance_id,actual_difficulty,predicted_difficulty,prob_easy,prob_medium,prob_hard,is_error,is_hard_to_easy_error
SIMP-EN-000333__ORIG,easy,easy,0.953,0.047,0.0,False,False
SIMP-EN-000334__ORIG,easy,easy,0.953,0.047,0.0,False,False
SIMP-EN-000335__ORIG,easy,easy,0.953,0.047,0.0,False,False
SIMP-EN-000351__ORIG,easy,easy,1.0,0.0,0.0,False,False
SIMP-EN-000352__ORIG,easy,easy,1.0,0.0,0.0,False,False
SIMP-EN-000353__ORIG,easy,easy,1.0,0.0,0.0,False,False
SIMP-EN-000354__ORIG,easy,easy,0.5783,0.4217,0.0,False,False
SIMP-EN-000355__ORIG,easy,easy,0.5783,0.4217,0.0,False,False
SIMP-EN-000356__ORIG,easy,easy,0.5783,0.4217,0.0,False,False
SIMP-EN-000525__ORIG,medium,easy,0.9771,0.0229,0.0,True,False
SIMP-EN-000526__ORIG,medium,easy,0.9771,0.0229,0.0,True,False
SIMP-EN-000527__ORIG,medium,easy,0.9771,0.0229,0.0,True,False
SIMP-EN-000540__ORIG,medium,medium,0.1467,0.8533,0.0,False,False
SIMP-EN-000541__ORIG,medium,medium,0.1467,0.8533,0.0,False,False
SIMP-EN-000542__ORIG,medium,medium,0.1467,0.8533,0.0,False,False
SIMP-EN-000753__ORIG,easy,easy,0.953,0.047,0.0,False,False
SIMP-EN-000754__ORIG,easy,easy,0.953,0.047,0.0,False,False
SIMP-EN-000755__ORIG,easy,easy,0.953,0.047,0.0,False,False
SIMP-EN-000759__ORIG,easy,easy,0.953,0.047,0.0,False,False
SIMP-EN-000760__ORIG,easy,easy,0.953,0.047,0.0,False,False
SIMP-EN-000761__ORIG,easy,easy,0.953,0.047,0.0,False,False
SIMP-EN-000789__ORIG,easy,easy,0.953,0.047,0.0,False,False
SIMP-EN-000790__ORIG,easy,easy,0.953,0.047,0.0,False,False
SIMP-EN-000791__ORIG,easy,easy,0.953,0.047,0.0,False,False
SIMP-EN-000798__ORIG,medium,medium,0.0,1.0,0.0,False,False
SIMP-EN-000799__ORIG,medium,medium,0.0,1.0,0.0,False,False
SIMP-EN-000800__ORIG,medium,medium,0.0,1.0,0.0,False,False
SIMP-EN-000804__ORIG,medium,medium,0.0,1.0,0.0,False,False
SIMP-EN-000805__ORIG,medium,medium,0.0,1.0,0.0,False,False
SIMP-EN-000806__ORIG,medium,medium,0.0,1.0,0.0,False,False
SIMP-EN-000807__ORIG,easy,easy,0.9771,0.0229,0.0,False,False
SIMP-EN-000808__ORIG,easy,easy,0.9771,0.0229,0.0,False,False
SIMP-EN-000809__ORIG,easy,easy,0.9771,0.0229,0.0,False,False
SIMP-EN-000981__ORIG,medium,medium,0.0,1.0,0.0,False,False
SIMP-EN-000982__ORIG,medium,medium,0.0,1.0,0.0,False,False
SIMP-EN-000983__ORIG,medium,medium,0.0,1.0,0.0,False,False
SIMP-EN-000999__ORIG,medium,medium,0.0,1.0,0.0,False,False
SIMP-EN-001000__ORIG,medium,medium,0.0,1.0,0.0,False,False
SIMP-EN-001001__ORIG,medium,medium,0.0,1.0,0.0,False,False
SIMP-EN-001002__ORIG,easy,easy,0.9771,0.0229,0.0,False,False
SIMP-EN-001003__ORIG,easy,easy,0.9771,0.0229,0.0,False,False
SIMP-EN-001004__ORIG,easy,easy,0.9771,0.0229,0.0,False,False
SIMP-EN-001017__ORIG,medium,medium,0.0,1.0,0.0,False,False
SIMP-EN-001018__ORIG,medium,medium,0.0,1.0,0.0,False,False
SIMP-EN-001019__ORIG,medium,medium,0.0,1.0,0.0,False,False
SIMP-EN-000390__ORIG,easy,easy,1.0,0.0,0.0,False,False
SIMP-EN-000391__ORIG,easy,easy,1.0,0.0,0.0,False,False
SIMP-EN-000392__ORIG,easy,easy,1.0,0.0,0.0,False,False
SIMP-EN-000399__ORIG,easy,easy,1.0,0.0,0.0,False,False
SIMP-EN-000400__ORIG,easy,easy,1.0,0.0,0.0,False,False
SIMP-EN-000401__ORIG,easy,easy,1.0,0.0,0.0,False,False
SIMP-EN-000402__ORIG,easy,easy,1.0,0.0,0.0,False,False
SIMP-EN-000403__ORIG,easy,easy,1.0,0.0,0.0,False,False
SIMP-EN-000404__ORIG,easy,easy,1.0,0.0,0.0,False,False
SIMP-EN-000591__ORIG,easy,easy,0.5246,0.4754,0.0,False,False
SIMP-EN-000592__ORIG,easy,easy,0.5246,0.4754,0.0,False,False
SIMP-EN-000593__ORIG,easy,easy,0.5246,0.4754,0.0,False,False
SIMP-EN-000828__ORIG,medium,medium,0.0,1.0,0.0,False,False
SIMP-EN-000829__ORIG,medium,medium,0.0,1.0,0.0,False,False
SIMP-EN-000830__ORIG,medium,medium,0.0,1.0,0.0,False,False
SIMP-EN-000834__ORIG,medium,medium,0.0,1.0,0.0,False,False
SIMP-EN-000835__ORIG,medium,medium,0.0,1.0,0.0,False,False
SIMP-EN-000836__ORIG,medium,medium,0.0,1.0,0.0,False,False
SIMP-EN-000423__ORIG,easy,easy,1.0,0.0,0.0,False,False
SIMP-EN-000424__ORIG,easy,easy,1.0,0.0,0.0,False,False
SIMP-EN-000425__ORIG,easy,easy,1.0,0.0,0.0,False,False
SIMP-EN-000651__ORIG,medium,medium,0.0,1.0,0.0,False,False
SIMP-EN-000652__ORIG,medium,medium,0.0,1.0,0.0,False,False
SIMP-EN-000653__ORIG,medium,medium,0.0,1.0,0.0,False,False
SIMP-EN-000840__ORIG,medium,medium,0.0,1.0,0.0,False,False
SIMP-EN-000841__ORIG,medium,medium,0.0,1.0,0.0,False,False
SIMP-EN-000842__ORIG,medium,medium,0.0,1.0,0.0,False,False
SIMP-EN-000861__ORIG,easy,easy,0.953,0.047,0.0,False,False
SIMP-EN-000862__ORIG,easy,easy,0.953,0.047,0.0,False,False
SIMP-EN-000863__ORIG,easy,easy,0.953,0.047,0.0,False,False
SIMP-EN-000864__ORIG,medium,medium,0.0,1.0,0.0,False,False
SIMP-EN-000865__ORIG,medium,medium,0.0,1.0,0.0,False,False
SIMP-EN-000866__ORIG,medium,medium,0.0,1.0,0.0,False,False
SIMP-EN-001065__ORIG,medium,medium,0.0,1.0,0.0,False,False
SIMP-EN-001066__ORIG,medium,medium,0.0,1.0,0.0,False,False
SIMP-EN-001067__ORIG,medium,medium,0.0,1.0,0.0,False,False
SIMP-EN-001077__ORIG,medium,medium,0.0,1.0,0.0,False,False
SIMP-EN-001078__ORIG,medium,medium,0.0,1.0,0.0,False,False
SIMP-EN-001079__ORIG,medium,medium,0.0,1.0,0.0,False,False
SIMP-EN-001083__ORIG,medium,medium,0.0,1.0,0.0,False,False
SIMP-EN-001084__ORIG,medium,medium,0.0,1.0,0.0,False,False
SIMP-EN-001085__ORIG,medium,medium,0.0,1.0,0.0,False,False
SIMP-EN-001095__ORIG,medium,medium,0.0,1.0,0.0,False,False
SIMP-EN-001096__ORIG,medium,medium,0.0,1.0,0.0,False,False
SIMP-EN-001097__ORIG,medium,medium,0.0,1.0,0.0,False,False
SIMP-EN-001107__ORIG,medium,medium,0.0,1.0,0.0,False,False
SIMP-EN-001108__ORIG,medium,medium,0.0,1.0,0.0,False,False
SIMP-EN-001109__ORIG,medium,medium,0.0,1.0,0.0,False,False
SIMP-EN-000435__ORIG,easy,easy,1.0,0.0,0.0,False,False
SIMP-EN-000436__ORIG,easy,easy,1.0,0.0,0.0,False,False
SIMP-EN-000437__ORIG,easy,easy,1.0,0.0,0.0,False,False
SIMP-EN-000453__ORIG,medium,medium,0.0,1.0,0.0,False,False
SIMP-EN-000454__ORIG,medium,medium,0.0,1.0,0.0,False,False
SIMP-EN-000455__ORIG,medium,medium,0.0,1.0,0.0,False,False
SIMP-EN-000696__ORIG,medium,medium,0.0,1.0,0.0,False,False
SIMP-EN-000697__ORIG,medium,medium,0.0,1.0,0.0,False,False
SIMP-EN-000698__ORIG,medium,medium,0.0,1.0,0.0,False,False
SIMP-EN-000909__ORIG,easy,easy,0.9367,0.0633,0.0,False,False
SIMP-EN-000910__ORIG,easy,easy,0.9367,0.0633,0.0,False,False
SIMP-EN-000911__ORIG,easy,easy,0.9367,0.0633,0.0,False,False
SIMP-EN-001119__ORIG,medium,medium,0.0,1.0,0.0,False,False
SIMP-EN-001120__ORIG,medium,medium,0.0,1.0,0.0,False,False
SIMP-EN-001121__ORIG,medium,medium,0.0,1.0,0.0,False,False
SIMP-EN-001128__ORIG,easy,easy,1.0,0.0,0.0,False,False
SIMP-EN-001129__ORIG,easy,easy,1.0,0.0,0.0,False,False
SIMP-EN-001130__ORIG,easy,easy,1.0,0.0,0.0,False,False
SIMP-EN-000477__ORIG,medium,medium,0.0,1.0,0.0,False,False
SIMP-EN-000478__ORIG,medium,medium,0.0,1.0,0.0,False,False
SIMP-EN-000479__ORIG,medium,medium,0.0,1.0,0.0,False,False
SIMP-EN-000486__ORIG,medium,medium,0.0,1.0,0.0,False,False
SIMP-EN-000487__ORIG,medium,medium,0.0,1.0,0.0,False,False
SIMP-EN-000488__ORIG,medium,medium,0.0,1.0,0.0,False,False
SIMP-EN-000495__ORIG,hard,hard,0.0,0.0447,0.9553,False,False
SIMP-EN-000496__ORIG,hard,hard,0.0,0.0447,0.9553,False,False
SIMP-EN-000497__ORIG,hard,hard,0.0,0.0447,0.9553,False,False
SIMP-EN-000744__ORIG,easy,easy,0.9771,0.0229,0.0,False,False
SIMP-EN-000745__ORIG,easy,easy,0.9771,0.0229,0.0,False,False
SIMP-EN-000746__ORIG,easy,easy,0.9771,0.0229,0.0,False,False
SIMP-EN-000915__ORIG,easy,easy,0.9771,0.0229,0.0,False,False
SIMP-EN-000916__ORIG,easy,easy,0.9771,0.0229,0.0,False,False
SIMP-EN-000917__ORIG,easy,easy,0.9771,0.0229,0.0,False,False
SIMP-EN-000936__ORIG,medium,medium,0.0,1.0,0.0,False,False
SIMP-EN-000937__ORIG,medium,medium,0.0,1.0,0.0,False,False
SIMP-EN-000938__ORIG,medium,medium,0.0,1.0,0.0,False,False
SIMP-EN-000939__ORIG,easy,easy,0.953,0.047,0.0,False,False
SIMP-EN-000940__ORIG,easy,easy,0.953,0.047,0.0,False,False
SIMP-EN-000941__ORIG,easy,easy,0.953,0.047,0.0,False,False
SIMP-EN-001182__ORIG,easy,easy,0.9771,0.0229,0.0,False,False
SIMP-EN-001183__ORIG,easy,easy,0.9771,0.0229,0.0,False,False
SIMP-EN-001184__ORIG,easy,easy,0.9771,0.0229,0.0,False,False
