summary_id,record_id,dataset_layer,quality_status,overall_quality_score,rules_executed,rules_passed,warnings_count,errors_count,critical_count,requires_expert_review,research_eligible,approved_for_child_delivery
SUM-9fe45df02cee,C3-EN-VOC-NAMING-001,adaptation_test_set,automatic_check_passed,100.0,16,16,0,0,0,True,False,False
SUM-d33cd59591e0,C3-EN-VOC-NAMING-002,adaptation_test_set,automatic_check_passed,100.0,16,16,0,0,0,True,False,False
SUM-40d3c27f0d22,C3-EN-VOC-MATCH-001,adaptation_test_set,automatic_check_passed,100.0,16,16,0,0,0,True,False,False
SUM-95d0c9ddf071,C3-EN-VOC-DEF-001,adaptation_test_set,automatic_check_passed,100.0,16,16,0,0,0,True,False,False
SUM-f6888dc96cee,C3-EN-VOC-SYN-001,adaptation_test_set,automatic_check_passed,100.0,16,16,0,0,0,True,False,False
SUM-919dbd7422d5,C3-EN-VOC-CAT-001,adaptation_test_set,automatic_check_passed,100.0,16,16,0,0,0,True,False,False
SUM-3aeda77d0f1b,C3-EN-VOC-ODD-001,adaptation_test_set,automatic_check_passed,100.0,16,16,0,0,0,True,False,False
SUM-5bb9dbfd6b7c,C3-EN-VOC-ACT-001,adaptation_test_set,automatic_check_passed,100.0,16,16,0,0,0,True,False,False
SUM-2fb6ee58f7e7,C3-EN-GRAM-ART-001,adaptation_test_set,automatic_check_passed,100.0,16,16,0,0,0,True,False,False
SUM-c516763e7858,C3-EN-GRAM-PREP-001,adaptation_test_set,automatic_check_passed,100.0,16,16,0,0,0,True,False,False
SUM-6ae608255813,C3-EN-GRAM-SVA-001,adaptation_test_set,automatic_check_passed,100.0,16,16,0,0,0,True,False,False
SUM-54508c538be0,C3-EN-GRAM-PRON-001,adaptation_test_set,automatic_check_passed,100.0,16,16,0,0,0,True,False,False
SUM-b1cf8a6edb4e,C3-EN-GRAM-PLUR-001,adaptation_test_set,automatic_check_passed,100.0,16,16,0,0,0,True,False,False
SUM-cb38a65b0b22,C3-EN-GRAM-TENSE-001,adaptation_test_set,automatic_check_passed,100.0,16,16,0,0,0,True,False,False
SUM-b9cae7b406c4,C3-EN-GRAM-COMPL-001,adaptation_test_set,automatic_check_passed,100.0,16,16,0,0,0,True,False,False
SUM-4de88667bce9,C3-EN-GRAM-WORD-001,adaptation_test_set,automatic_check_passed,100.0,16,16,0,0,0,True,False,False
SUM-a9ff8fb8d8b7,C3-EN-INST-ONE-001,adaptation_test_set,automatic_check_passed,100.0,16,16,0,0,0,True,False,False
SUM-83fa74215651,C3-EN-INST-TWO-001,adaptation_test_set,automatic_check_passed,100.0,16,16,0,0,0,True,False,False
SUM-d0bee5fd74d1,C3-EN-INST-THREE-001,adaptation_test_set,automatic_check_passed,100.0,16,16,0,0,0,True,False,False
SUM-f3c2dc03777b,C3-EN-INST-BEFORE-001,adaptation_test_set,automatic_check_passed,100.0,16,16,0,0,0,True,False,False
SUM-1aa31825bbbe,C3-EN-INST-IFTHEN-001,adaptation_test_set,automatic_check_passed,100.0,16,16,0,0,0,True,False,False
SUM-a0ddaeb2a1bc,C3-EN-SENT-REL-001,adaptation_test_set,automatic_check_passed,100.0,16,16,0,0,0,True,False,False
SUM-de241f7807cd,C3-EN-SENT-PASS-001,adaptation_test_set,automatic_check_passed,100.0,16,16,0,0,0,True,False,False
SUM-fe57da4c357c,C3-EN-SENT-AR-001,adaptation_test_set,automatic_check_passed,100.0,16,16,0,0,0,True,False,False
SUM-595a6eb12c50,C3-EN-COMP-PASSAGE-001,adaptation_test_set,automatic_check_passed,100.0,16,16,0,0,0,True,False,False
SUM-413ba61846c0,C3-EN-COMP-PASSAGE-002,adaptation_test_set,automatic_check_passed,100.0,16,16,0,0,0,True,False,False
SUM-82145396ff8d,C3-EN-COMP-SEQ-001,adaptation_test_set,automatic_check_passed,100.0,16,16,0,0,0,True,False,False
SUM-680f1a3b79e0,C3-EN-COMP-MAIN-001,adaptation_test_set,automatic_check_passed,100.0,16,16,0,0,0,True,False,False
SUM-a19949fa312f,C3-EN-COMP-YESNO-001,adaptation_test_set,automatic_check_passed,100.0,16,16,0,0,0,True,False,False
SUM-dfce480d2c2a,C3-EN-COMP-WH-001,adaptation_test_set,automatic_check_passed,100.0,16,16,0,0,0,True,False,False
SUM-079fdb5dded4,C3-EN-TASK-ENG-001,adaptation_test_set,automatic_check_passed,100.0,16,16,0,0,0,True,False,False
SUM-da240b1c0a26,C3-EN-TASK-ENG-002,adaptation_test_set,automatic_check_passed,100.0,16,16,0,0,0,True,False,False
SUM-4afb716439be,C3-EN-TASK-ENG-003,adaptation_test_set,automatic_check_passed,100.0,16,16,0,0,0,True,False,False
SUM-20e03a62fa32,C3-EN-TASK-ENG-004,adaptation_test_set,automatic_check_passed,100.0,16,16,0,0,0,True,False,False
SUM-07e5db42b177,C3-EN-TASK-ENG-005,adaptation_test_set,automatic_check_passed,100.0,16,16,0,0,0,True,False,False
SUM-75e77624fe53,C3-EN-TASK-ENG-006,adaptation_test_set,automatic_check_passed,100.0,16,16,0,0,0,True,False,False
SUM-70ff873158ef,C3-EN-TASK-ENG-007,adaptation_test_set,automatic_check_passed,100.0,16,16,0,0,0,True,False,False
SUM-2718d8950273,C3-EN-TASK-ENG-008,adaptation_test_set,automatic_check_passed,100.0,16,16,0,0,0,True,False,False
SUM-9b78075a047e,C3-EN-TASK-ENG-009,adaptation_test_set,automatic_check_passed,100.0,16,16,0,0,0,True,False,False
SUM-b218422974a1,C3-EN-TASK-ENG-010,adaptation_test_set,automatic_check_passed,100.0,16,16,0,0,0,True,False,False
SUM-d1cea54b6ecc,SIMP-EN-0001,simplification_corpus,automatic_check_passed,100.0,14,14,0,0,0,True,False,False
SUM-222413bc3a16,SIMP-EN-0002,simplification_corpus,automatic_check_passed,100.0,14,14,0,0,0,True,False,False
SUM-630607e51b01,SIMP-EN-0003,simplification_corpus,automatic_check_passed,100.0,14,14,0,0,0,True,False,False
SUM-2abfb3c58910,SIMP-EN-0004,simplification_corpus,automatic_check_passed,100.0,14,14,0,0,0,True,False,False
SUM-5bf41985543d,SIMP-EN-0005,simplification_corpus,automatic_check_passed,100.0,14,14,0,0,0,True,False,False
SUM-193da99953fb,SIMP-EN-0006,simplification_corpus,automatic_check_passed,100.0,14,14,0,0,0,True,False,False
SUM-90d5281be032,SIMP-EN-0007,simplification_corpus,automatic_check_passed,100.0,14,14,0,0,0,True,False,False
SUM-7037fba9f653,SIMP-EN-0008,simplification_corpus,automatic_check_passed,100.0,14,14,0,0,0,True,False,False
SUM-40f8162e396a,SIMP-EN-0009,simplification_corpus,automatic_check_passed,100.0,14,14,0,0,0,True,False,False
SUM-dfb419b421ae,SIMP-EN-0010,simplification_corpus,automatic_check_passed,100.0,14,14,0,0,0,True,False,False
SUM-aaec1b6f69f9,SIMP-EN-0011,simplification_corpus,automatic_check_passed,100.0,14,14,0,0,0,True,False,False
SUM-31181d93f47c,SIMP-EN-0012,simplification_corpus,automatic_check_passed,100.0,14,14,0,0,0,True,False,False
SUM-6e79d29ba6ab,SIMP-EN-0013,simplification_corpus,automatic_check_passed,100.0,14,14,0,0,0,True,False,False
SUM-f89fd7a9a90b,SIMP-EN-0014,simplification_corpus,automatic_check_passed,100.0,14,14,0,0,0,True,False,False
SUM-3fd71b9dbd77,SIMP-EN-0015,simplification_corpus,automatic_check_passed,100.0,14,14,0,0,0,True,False,False
SUM-9378ca3848ae,SIMP-EN-0016,simplification_corpus,automatic_check_passed,100.0,14,14,0,0,0,True,False,False
SUM-77fff36f9dd1,SIMP-EN-0017,simplification_corpus,automatic_check_passed,100.0,14,14,0,0,0,True,False,False
SUM-646941ca284c,SIMP-EN-0018,simplification_corpus,automatic_check_passed,100.0,14,14,0,0,0,True,False,False
SUM-f83b5a362e6f,SIMP-EN-0019,simplification_corpus,automatic_check_passed,100.0,14,14,0,0,0,True,False,False
SUM-f034977026b9,SIMP-EN-0020,simplification_corpus,automatic_check_passed,100.0,14,14,0,0,0,True,False,False
SUM-017dae83dfcd,SIMP-EN-0021,simplification_corpus,automatic_check_failed,88.0,14,13,0,1,0,True,False,False
SUM-c481f236e188,SIMP-EN-0022,simplification_corpus,automatic_check_failed,88.0,14,13,0,1,0,True,False,False
SUM-ecf42f0a29e0,SIMP-EN-0023,simplification_corpus,automatic_check_failed,88.0,14,13,0,1,0,True,False,False
SUM-6d4d0f880f1b,SIMP-EN-0024,simplification_corpus,automatic_check_passed,100.0,14,14,0,0,0,True,False,False
SUM-102059725a99,SIMP-EN-0025,simplification_corpus,automatic_check_failed,76.0,14,12,0,2,0,True,False,False
SUM-ae851a3bec3d,SIMP-EN-0026,simplification_corpus,automatic_check_failed,76.0,14,12,0,2,0,True,False,False
SUM-0bb71e83ba5d,SIMP-EN-0027,simplification_corpus,automatic_check_failed,88.0,14,13,0,1,0,True,False,False
SUM-9cacc51a9562,SIMP-EN-0028,simplification_corpus,automatic_check_failed,88.0,14,13,0,1,0,True,False,False
SUM-a472d07f53e0,SIMP-EN-0029,simplification_corpus,automatic_check_passed,100.0,14,14,0,0,0,True,False,False
SUM-2142b5174343,SIMP-EN-0030,simplification_corpus,automatic_check_passed,100.0,14,14,0,0,0,True,False,False
SUM-2aa78a8f6ae7,SIMP-EN-0031,simplification_corpus,automatic_check_passed,100.0,14,14,0,0,0,True,False,False
SUM-85bc318ba414,SIMP-EN-0032,simplification_corpus,automatic_check_passed,100.0,14,14,0,0,0,True,False,False
SUM-f7ab8978ca0a,SIMP-EN-0033,simplification_corpus,manual_review_required,97.0,14,13,1,0,0,True,False,False
SUM-5bbbab3db73f,SIMP-EN-0034,simplification_corpus,manual_review_required,97.0,14,13,1,0,0,True,False,False
SUM-fe4679dfce55,SIMP-EN-0035,simplification_corpus,automatic_check_passed,100.0,14,14,0,0,0,True,False,False
SUM-28fb454e8e5c,SIMP-EN-0036,simplification_corpus,manual_review_required,97.0,14,13,1,0,0,True,False,False
SUM-ad868f3f7bbb,SIMP-EN-0037,simplification_corpus,automatic_check_passed,100.0,14,14,0,0,0,True,False,False
SUM-fb1d2c00b98f,SIMP-EN-0038,simplification_corpus,automatic_check_passed,100.0,14,14,0,0,0,True,False,False
SUM-35c48f1ddfea,SIMP-EN-0039,simplification_corpus,automatic_check_failed,88.0,14,13,0,1,0,True,False,False
SUM-4c4bc2223b30,SIMP-EN-0040,simplification_corpus,automatic_check_passed,100.0,14,14,0,0,0,True,False,False
SUM-ee859dc45221,SIMP-EN-0041,simplification_corpus,manual_review_required,97.0,14,13,1,0,0,True,False,False
SUM-49c8155067a6,SIMP-EN-0042,simplification_corpus,manual_review_required,97.0,14,13,1,0,0,True,False,False
SUM-ca0cff458d29,SIMP-EN-0043,simplification_corpus,automatic_check_failed,88.0,14,13,0,1,0,True,False,False
SUM-bc80201cb5a9,SIMP-EN-0044,simplification_corpus,automatic_check_passed,100.0,14,14,0,0,0,True,False,False
SUM-0fe6dd4cef8d,SIMP-EN-0045,simplification_corpus,automatic_check_passed,100.0,14,14,0,0,0,True,False,False
SUM-9be36d3e97ab,SIMP-EN-0046,simplification_corpus,automatic_check_passed,100.0,14,14,0,0,0,True,False,False
SUM-615e33665215,SIMP-EN-0047,simplification_corpus,automatic_check_passed,100.0,14,14,0,0,0,True,False,False
SUM-cf12cfbcb326,SIMP-EN-0048,simplification_corpus,automatic_check_passed,100.0,14,14,0,0,0,True,False,False
SUM-f60389e77c37,SIMP-EN-0049,simplification_corpus,manual_review_required,97.0,14,13,1,0,0,True,False,False
SUM-5522d786d419,SIMP-EN-0050,simplification_corpus,automatic_check_failed,88.0,14,13,0,1,0,True,False,False
SUM-2de99c29ada1,SIMP-EN-0051,simplification_corpus,automatic_check_failed,88.0,14,13,0,1,0,True,False,False
SUM-875fc75c115a,SIMP-EN-0052,simplification_corpus,manual_review_required,97.0,14,13,1,0,0,True,False,False
SUM-9b680659810d,SIMP-EN-0053,simplification_corpus,automatic_check_passed,100.0,14,14,0,0,0,True,False,False
SUM-f8b96358f285,SIMP-EN-0054,simplification_corpus,automatic_check_passed,100.0,14,14,0,0,0,True,False,False
SUM-c860aa3f36e2,SIMP-EN-0055,simplification_corpus,automatic_check_passed,100.0,14,14,0,0,0,True,False,False
SUM-c9677b7b3c2f,SIMP-EN-0056,simplification_corpus,automatic_check_passed,100.0,14,14,0,0,0,True,False,False
SUM-fc4f41b03a51,SIMP-EN-0057,simplification_corpus,automatic_check_passed,100.0,14,14,0,0,0,True,False,False
SUM-4bb37ee05a66,SIMP-EN-0058,simplification_corpus,automatic_check_passed,100.0,14,14,0,0,0,True,False,False
SUM-3965a1706ab3,SIMP-EN-0059,simplification_corpus,automatic_check_passed,100.0,14,14,0,0,0,True,False,False
SUM-b71f28ca86b7,SIMP-EN-0060,simplification_corpus,automatic_check_passed,100.0,14,14,0,0,0,True,False,False
SUM-7f411fcfb0e2,SIMP-EN-0061,simplification_corpus,automatic_check_passed,100.0,14,14,0,0,0,True,False,False
SUM-0f7ce8d71806,SIMP-EN-0062,simplification_corpus,automatic_check_passed,100.0,14,14,0,0,0,True,False,False
SUM-c51d9df84cb4,SIMP-EN-0063,simplification_corpus,automatic_check_passed,100.0,14,14,0,0,0,True,False,False
SUM-0ded85fef3b0,SIMP-EN-0064,simplification_corpus,automatic_check_passed,100.0,14,14,0,0,0,True,False,False
SUM-0b9209a3de89,SIMP-EN-0065,simplification_corpus,automatic_check_passed,100.0,14,14,0,0,0,True,False,False
SUM-3c3e9344e41c,SIMP-EN-0066,simplification_corpus,automatic_check_passed,100.0,14,14,0,0,0,True,False,False
SUM-a4dc5ed5d25b,SIMP-EN-0067,simplification_corpus,automatic_check_passed,100.0,14,14,0,0,0,True,False,False
SUM-294be8136ff1,SIMP-EN-0068,simplification_corpus,automatic_check_passed,100.0,14,14,0,0,0,True,False,False
SUM-ccae8cd194fd,SIMP-EN-0069,simplification_corpus,automatic_check_passed,100.0,14,14,0,0,0,True,False,False
SUM-b4ee633e5695,SIMP-EN-0070,simplification_corpus,automatic_check_passed,100.0,14,14,0,0,0,True,False,False
SUM-acac6bc6c109,SIMP-EN-0071,simplification_corpus,automatic_check_passed,100.0,14,14,0,0,0,True,False,False
SUM-0e1c8ba86302,SIMP-EN-0072,simplification_corpus,automatic_check_passed,100.0,14,14,0,0,0,True,False,False
SUM-f01418e5fe21,SIMP-EN-0073,simplification_corpus,automatic_check_failed,88.0,14,13,0,1,0,True,False,False
SUM-4a8555563ef4,SIMP-EN-0074,simplification_corpus,automatic_check_failed,88.0,14,13,0,1,0,True,False,False
SUM-a370472cbe87,SIMP-EN-0075,simplification_corpus,automatic_check_failed,85.0,14,12,1,1,0,True,False,False
SUM-a90e7e134cd8,SIMP-EN-0076,simplification_corpus,automatic_check_failed,88.0,14,13,0,1,0,True,False,False
SUM-c2c1b8bf4d80,SIMP-EN-0077,simplification_corpus,automatic_check_passed,100.0,14,14,0,0,0,True,False,False
SUM-a8789bcbedcb,SIMP-EN-0078,simplification_corpus,automatic_check_passed,100.0,14,14,0,0,0,True,False,False
SUM-6b1fdc102cde,SIMP-EN-0079,simplification_corpus,automatic_check_passed,100.0,14,14,0,0,0,True,False,False
SUM-7f090574ea6a,SIMP-EN-0080,simplification_corpus,automatic_check_passed,100.0,14,14,0,0,0,True,False,False
SUM-693e2bb3cb14,SIMP-EN-0081,simplification_corpus,automatic_check_passed,100.0,14,14,0,0,0,True,False,False
SUM-a6f526b7b01e,SIMP-EN-0082,simplification_corpus,automatic_check_passed,100.0,14,14,0,0,0,True,False,False
SUM-24456bcb8dd8,SIMP-EN-0083,simplification_corpus,automatic_check_passed,100.0,14,14,0,0,0,True,False,False
SUM-378d902c1127,SIMP-EN-0084,simplification_corpus,automatic_check_passed,100.0,14,14,0,0,0,True,False,False
SUM-65bd2312bd84,SIMP-EN-0085,simplification_corpus,automatic_check_passed,100.0,14,14,0,0,0,True,False,False
SUM-174ac38dbc9f,SIMP-EN-0086,simplification_corpus,automatic_check_passed,100.0,14,14,0,0,0,True,False,False
SUM-5bd02e4dc762,SIMP-EN-0087,simplification_corpus,automatic_check_passed,100.0,14,14,0,0,0,True,False,False
SUM-3e1471ede8ff,SIMP-EN-0088,simplification_corpus,automatic_check_passed,100.0,14,14,0,0,0,True,False,False
SUM-07511e8254dd,SIMP-EN-0089,simplification_corpus,manual_review_required,97.0,14,13,1,0,0,True,False,False
SUM-c94bd15c8d90,SIMP-EN-0090,simplification_corpus,manual_review_required,97.0,14,13,1,0,0,True,False,False
SUM-e0e23b6265b7,SIMP-EN-0091,simplification_corpus,automatic_check_passed,100.0,14,14,0,0,0,True,False,False
SUM-0b1a61183acf,SIMP-EN-0092,simplification_corpus,automatic_check_passed,100.0,14,14,0,0,0,True,False,False
SUM-caa85d0ea2c2,SIMP-EN-0093,simplification_corpus,automatic_check_passed,100.0,14,14,0,0,0,True,False,False
SUM-2442952ca301,SIMP-EN-0094,simplification_corpus,automatic_check_passed,100.0,14,14,0,0,0,True,False,False
SUM-40a851a358ad,SIMP-EN-0095,simplification_corpus,manual_review_required,97.0,14,13,1,0,0,True,False,False
SUM-6262ccf8e1ad,SIMP-EN-0096,simplification_corpus,automatic_check_passed,100.0,14,14,0,0,0,True,False,False
SUM-b651a6610416,SIMP-EN-0097,simplification_corpus,automatic_check_passed,100.0,14,14,0,0,0,True,False,False
SUM-3b0cce763f7b,SIMP-EN-0098,simplification_corpus,automatic_check_passed,100.0,14,14,0,0,0,True,False,False
SUM-2d092a6d4f5a,SIMP-EN-0099,simplification_corpus,automatic_check_passed,100.0,14,14,0,0,0,True,False,False
SUM-51002e9d6f4d,SIMP-EN-0100,simplification_corpus,automatic_check_passed,100.0,14,14,0,0,0,True,False,False
SUM-fc9dd317a5c8,SIMP-EN-0101,simplification_corpus,automatic_check_passed,100.0,14,14,0,0,0,True,False,False
SUM-a2fa5906d12f,SIMP-EN-0102,simplification_corpus,automatic_check_passed,100.0,14,14,0,0,0,True,False,False
SUM-64686eb74403,SIMP-EN-0103,simplification_corpus,manual_review_required,97.0,14,13,1,0,0,True,False,False
SUM-c6b9b5dbfe73,SIMP-EN-0104,simplification_corpus,automatic_check_passed,100.0,14,14,0,0,0,True,False,False
SUM-486cbf2ae34c,SIMP-EN-0105,simplification_corpus,automatic_check_passed,100.0,14,14,0,0,0,True,False,False
SUM-78db49eade90,SIMP-EN-0106,simplification_corpus,automatic_check_passed,100.0,14,14,0,0,0,True,False,False
SUM-04b832e0fc95,SIMP-EN-0107,simplification_corpus,automatic_check_passed,100.0,14,14,0,0,0,True,False,False
SUM-c0196b824d67,SIMP-EN-0108,simplification_corpus,automatic_check_failed,88.0,14,13,0,1,0,True,False,False
SUM-6d319fef7e19,SIMP-EN-0109,simplification_corpus,automatic_check_passed,100.0,14,14,0,0,0,True,False,False
SUM-7b583ad312c3,SIMP-EN-0110,simplification_corpus,automatic_check_passed,100.0,14,14,0,0,0,True,False,False
SUM-af4fdac52b46,SIMP-EN-0111,simplification_corpus,manual_review_required,97.0,14,13,1,0,0,True,False,False
SUM-af90e8f7d8a2,SIMP-EN-0112,simplification_corpus,automatic_check_passed,100.0,14,14,0,0,0,True,False,False
SUM-9731fc93c89d,SIMP-EN-0113,simplification_corpus,automatic_check_failed,88.0,14,13,0,1,0,True,False,False
SUM-9640ac04c8a1,SIMP-EN-0114,simplification_corpus,automatic_check_failed,85.0,14,12,1,1,0,True,False,False
SUM-e12fcabb201b,SIMP-EN-0115,simplification_corpus,automatic_check_passed,100.0,14,14,0,0,0,True,False,False
SUM-6b8fb1f1db66,SIMP-EN-0116,simplification_corpus,automatic_check_failed,88.0,14,13,0,1,0,True,False,False
SUM-eec334a94b93,SIMP-EN-0117,simplification_corpus,automatic_check_passed,100.0,14,14,0,0,0,True,False,False
SUM-90020966c3bb,SIMP-EN-0118,simplification_corpus,automatic_check_passed,100.0,14,14,0,0,0,True,False,False
SUM-924eb1c6b772,SIMP-EN-0119,simplification_corpus,automatic_check_passed,100.0,14,14,0,0,0,True,False,False
SUM-9e7635c9660c,SIMP-EN-0120,simplification_corpus,automatic_check_passed,100.0,14,14,0,0,0,True,False,False
SUM-f5a0c208b77d,SIMP-EN-0121,simplification_corpus,automatic_check_passed,100.0,14,14,0,0,0,True,False,False
SUM-0d5b31bbe864,SIMP-EN-0122,simplification_corpus,automatic_check_passed,100.0,14,14,0,0,0,True,False,False
SUM-fb86137eca39,SIMP-EN-0123,simplification_corpus,manual_review_required,97.0,14,13,1,0,0,True,False,False
SUM-470df53c249a,SIMP-EN-0124,simplification_corpus,automatic_check_passed,100.0,14,14,0,0,0,True,False,False
SUM-51b46e773f09,SIMP-EN-0125,simplification_corpus,automatic_check_passed,100.0,14,14,0,0,0,True,False,False
SUM-1dd6e07c4cd8,SIMP-EN-0126,simplification_corpus,automatic_check_passed,100.0,14,14,0,0,0,True,False,False
SUM-1eec27430c42,SIMP-EN-0127,simplification_corpus,automatic_check_passed,100.0,14,14,0,0,0,True,False,False
SUM-159e90684f05,SIMP-EN-0128,simplification_corpus,automatic_check_passed,100.0,14,14,0,0,0,True,False,False
SUM-c3b3c836437b,SIMP-EN-0129,simplification_corpus,automatic_check_passed,100.0,14,14,0,0,0,True,False,False
SUM-137da9fc0aa8,SIMP-EN-0130,simplification_corpus,automatic_check_passed,100.0,14,14,0,0,0,True,False,False
SUM-78c6156e8a0d,SIMP-EN-0131,simplification_corpus,automatic_check_passed,100.0,14,14,0,0,0,True,False,False
SUM-6cdcc4fb82a6,SIMP-EN-0132,simplification_corpus,automatic_check_passed,100.0,14,14,0,0,0,True,False,False
SUM-704b91512900,SIMP-EN-0133,simplification_corpus,automatic_check_passed,100.0,14,14,0,0,0,True,False,False
SUM-fc3dcd70397d,SIMP-EN-0134,simplification_corpus,automatic_check_passed,100.0,14,14,0,0,0,True,False,False
SUM-aa3dfbbb3934,SIMP-EN-0135,simplification_corpus,automatic_check_passed,100.0,14,14,0,0,0,True,False,False
SUM-f104991369ec,SIMP-EN-0136,simplification_corpus,automatic_check_passed,100.0,14,14,0,0,0,True,False,False
SUM-48151d25d457,SIMP-EN-0137,simplification_corpus,automatic_check_passed,100.0,14,14,0,0,0,True,False,False
SUM-f62d2ebb0211,SIMP-EN-0138,simplification_corpus,automatic_check_passed,100.0,14,14,0,0,0,True,False,False
SUM-b7d6bfc1b705,SIMP-EN-0139,simplification_corpus,automatic_check_passed,100.0,14,14,0,0,0,True,False,False
SUM-c9683f60bc3d,SIMP-EN-0140,simplification_corpus,automatic_check_passed,100.0,14,14,0,0,0,True,False,False
SUM-32605c6f8b5b,SIMP-EN-0141,simplification_corpus,automatic_check_passed,100.0,14,14,0,0,0,True,False,False
SUM-efa710e2fb69,SIMP-EN-0142,simplification_corpus,automatic_check_passed,100.0,14,14,0,0,0,True,False,False
SUM-46867e0a4f1b,SIMP-EN-0143,simplification_corpus,automatic_check_passed,100.0,14,14,0,0,0,True,False,False
SUM-900f6e403386,SIMP-EN-0144,simplification_corpus,automatic_check_passed,100.0,14,14,0,0,0,True,False,False
SUM-57830dd04c6e,SIMP-EN-0145,simplification_corpus,automatic_check_passed,100.0,14,14,0,0,0,True,False,False
SUM-b5919042e843,SIMP-EN-0146,simplification_corpus,automatic_check_passed,100.0,14,14,0,0,0,True,False,False
SUM-75dec8b12920,SIMP-EN-0147,simplification_corpus,automatic_check_passed,100.0,14,14,0,0,0,True,False,False
SUM-44d8b92f6bae,SIMP-EN-0148,simplification_corpus,automatic_check_passed,100.0,14,14,0,0,0,True,False,False
SUM-6402d6e4a676,SIMP-EN-0149,simplification_corpus,automatic_check_passed,100.0,14,14,0,0,0,True,False,False
SUM-556d21ccfdfc,SIMP-EN-0150,simplification_corpus,automatic_check_passed,100.0,14,14,0,0,0,True,False,False
SUM-511d71b03640,SIMP-EN-0151,simplification_corpus,automatic_check_passed,100.0,14,14,0,0,0,True,False,False
SUM-533d5d4654ff,SIMP-EN-0152,simplification_corpus,automatic_check_passed,100.0,14,14,0,0,0,True,False,False
SUM-dfb7d28d71c3,SIMP-EN-0153,simplification_corpus,automatic_check_passed,100.0,14,14,0,0,0,True,False,False
SUM-bceb3bac8611,SIMP-EN-0154,simplification_corpus,automatic_check_passed,100.0,14,14,0,0,0,True,False,False
SUM-6d6cf3314e10,SIMP-EN-0155,simplification_corpus,automatic_check_passed,100.0,14,14,0,0,0,True,False,False
SUM-9232d4e82db1,SIMP-EN-0156,simplification_corpus,automatic_check_passed,100.0,14,14,0,0,0,True,False,False
SUM-cec256ed4bc0,SIMP-EN-0157,simplification_corpus,automatic_check_passed,100.0,14,14,0,0,0,True,False,False
SUM-fa0520809c9d,SIMP-EN-0158,simplification_corpus,automatic_check_passed,100.0,14,14,0,0,0,True,False,False
SUM-fbdf904c0c71,SIMP-EN-0159,simplification_corpus,automatic_check_passed,100.0,14,14,0,0,0,True,False,False
SUM-247d47d09ed3,SIMP-EN-0160,simplification_corpus,automatic_check_passed,100.0,14,14,0,0,0,True,False,False
SUM-034d3cdae9a5,SIMP-EN-0161,simplification_corpus,automatic_check_passed,100.0,14,14,0,0,0,True,False,False
SUM-36d9e9b806d6,SIMP-EN-0162,simplification_corpus,automatic_check_passed,100.0,14,14,0,0,0,True,False,False
SUM-509a5dbf351f,SIMP-EN-0163,simplification_corpus,automatic_check_passed,100.0,14,14,0,0,0,True,False,False
SUM-db3d7da8ebb5,SIMP-EN-0164,simplification_corpus,automatic_check_passed,100.0,14,14,0,0,0,True,False,False
SUM-0052c64c2eb8,SIMP-EN-0165,simplification_corpus,automatic_check_passed,100.0,14,14,0,0,0,True,False,False
SUM-a01be8d8b182,SIMP-EN-0166,simplification_corpus,automatic_check_passed,100.0,14,14,0,0,0,True,False,False
SUM-90db43c7921d,SIMP-EN-0167,simplification_corpus,automatic_check_passed,100.0,14,14,0,0,0,True,False,False
SUM-75dfa7d21f9e,SIMP-EN-0168,simplification_corpus,automatic_check_passed,100.0,14,14,0,0,0,True,False,False
SUM-7db5663f4ebb,SIMP-EN-0169,simplification_corpus,automatic_check_passed,100.0,14,14,0,0,0,True,False,False
SUM-79391dffe77c,SIMP-EN-0170,simplification_corpus,automatic_check_passed,100.0,14,14,0,0,0,True,False,False
SUM-bc1e7d2f21a8,SIMP-EN-0171,simplification_corpus,automatic_check_passed,100.0,14,14,0,0,0,True,False,False
SUM-3201f4498886,SIMP-EN-0172,simplification_corpus,automatic_check_passed,100.0,14,14,0,0,0,True,False,False
SUM-773b758d8211,SIMP-EN-0173,simplification_corpus,automatic_check_passed,100.0,14,14,0,0,0,True,False,False
SUM-9fb9a53eddcf,SIMP-EN-0174,simplification_corpus,automatic_check_passed,100.0,14,14,0,0,0,True,False,False
SUM-87922e21d75b,SIMP-EN-0175,simplification_corpus,automatic_check_passed,100.0,14,14,0,0,0,True,False,False
SUM-4472be38937e,SIMP-EN-0176,simplification_corpus,automatic_check_passed,100.0,14,14,0,0,0,True,False,False
SUM-02811e7170b4,SIMP-EN-0177,simplification_corpus,automatic_check_passed,100.0,14,14,0,0,0,True,False,False
SUM-c5594e3d8cb0,SIMP-EN-0178,simplification_corpus,automatic_check_passed,100.0,14,14,0,0,0,True,False,False
SUM-8172ceac3933,SIMP-EN-0179,simplification_corpus,automatic_check_passed,100.0,14,14,0,0,0,True,False,False
SUM-015343f8d25a,SIMP-EN-0180,simplification_corpus,automatic_check_passed,100.0,14,14,0,0,0,True,False,False
SUM-5fe84c18ed6a,SIMP-EN-0181,simplification_corpus,automatic_check_passed,100.0,14,14,0,0,0,True,False,False
SUM-00b921c4423d,SIMP-EN-0182,simplification_corpus,automatic_check_passed,100.0,14,14,0,0,0,True,False,False
SUM-da9418b055b3,SIMP-EN-0183,simplification_corpus,automatic_check_passed,100.0,14,14,0,0,0,True,False,False
SUM-38b3a701cc44,SIMP-EN-0184,simplification_corpus,automatic_check_passed,100.0,14,14,0,0,0,True,False,False
SUM-ea73f6edc493,SIMP-EN-0185,simplification_corpus,automatic_check_passed,100.0,14,14,0,0,0,True,False,False
SUM-6296f5ce25fe,SIMP-EN-0186,simplification_corpus,automatic_check_passed,100.0,14,14,0,0,0,True,False,False
SUM-4d327dbdec0c,SIMP-EN-0187,simplification_corpus,automatic_check_passed,100.0,14,14,0,0,0,True,False,False
SUM-2faafe769eac,SIMP-EN-0188,simplification_corpus,automatic_check_passed,100.0,14,14,0,0,0,True,False,False
SUM-3e4803490cce,SIMP-EN-0189,simplification_corpus,automatic_check_passed,100.0,14,14,0,0,0,True,False,False
SUM-f6f963a6f056,SIMP-EN-0190,simplification_corpus,automatic_check_passed,100.0,14,14,0,0,0,True,False,False
SUM-b9d19f26dc2f,SIMP-EN-0191,simplification_corpus,automatic_check_passed,100.0,14,14,0,0,0,True,False,False
SUM-a9902453296e,SIMP-EN-0192,simplification_corpus,automatic_check_passed,100.0,14,14,0,0,0,True,False,False
SUM-13777e1de09c,SIMP-EN-0193,simplification_corpus,automatic_check_passed,100.0,14,14,0,0,0,True,False,False
SUM-05d5bfbfec1c,SIMP-EN-0194,simplification_corpus,automatic_check_passed,100.0,14,14,0,0,0,True,False,False
SUM-49350be1638b,SIMP-EN-0195,simplification_corpus,automatic_check_passed,100.0,14,14,0,0,0,True,False,False
SUM-865793565d82,SIMP-EN-0196,simplification_corpus,automatic_check_passed,100.0,14,14,0,0,0,True,False,False
SUM-e06a46cd28e9,SIMP-EN-0197,simplification_corpus,automatic_check_passed,100.0,14,14,0,0,0,True,False,False
SUM-4663957dd934,SIMP-EN-0198,simplification_corpus,automatic_check_passed,100.0,14,14,0,0,0,True,False,False
SUM-dda287c2b4bb,SIMP-EN-0199,simplification_corpus,automatic_check_passed,100.0,14,14,0,0,0,True,False,False
SUM-797f6acbb901,SIMP-EN-0200,simplification_corpus,automatic_check_passed,100.0,14,14,0,0,0,True,False,False
SUM-f87ee9f4270d,SIMP-EN-0201,simplification_corpus,automatic_check_passed,100.0,14,14,0,0,0,True,False,False
SUM-53919368254d,SIMP-EN-0202,simplification_corpus,automatic_check_passed,100.0,14,14,0,0,0,True,False,False
SUM-423fff0766bd,SIMP-EN-0203,simplification_corpus,automatic_check_passed,100.0,14,14,0,0,0,True,False,False
SUM-baa4c8fa4e98,SIMP-EN-0204,simplification_corpus,automatic_check_passed,100.0,14,14,0,0,0,True,False,False
SUM-6c72e456bae8,SIMP-EN-0205,simplification_corpus,automatic_check_passed,100.0,14,14,0,0,0,True,False,False
SUM-99653836264d,SIMP-EN-0206,simplification_corpus,automatic_check_passed,100.0,14,14,0,0,0,True,False,False
SUM-96640a65fc86,SIMP-EN-0207,simplification_corpus,automatic_check_passed,100.0,14,14,0,0,0,True,False,False
SUM-1d4d6c70de60,SIMP-EN-0208,simplification_corpus,automatic_check_passed,100.0,14,14,0,0,0,True,False,False
SUM-92d3bcc93e44,SIMP-EN-0209,simplification_corpus,automatic_check_passed,100.0,14,14,0,0,0,True,False,False
SUM-64d08eed5f1f,SIMP-EN-0210,simplification_corpus,automatic_check_passed,100.0,14,14,0,0,0,True,False,False
SUM-f1728a65b266,LEX-EN-000001,lexicons,manual_review_required,97.75,12,11,1,0,0,True,False,False
SUM-d6fd02f85a32,LEX-EN-000002,lexicons,manual_review_required,97.75,12,11,1,0,0,True,False,False
SUM-621c7ae84677,LEX-EN-000003,lexicons,manual_review_required,94.75,12,10,2,0,0,True,False,False
SUM-9baf5c44f256,LEX-EN-000004,lexicons,manual_review_required,97.75,12,11,1,0,0,True,False,False
SUM-05caa28ea040,LEX-EN-000005,lexicons,manual_review_required,97.75,12,11,1,0,0,True,False,False
SUM-4bcc43ff2a03,LEX-EN-000006,lexicons,manual_review_required,97.75,12,11,1,0,0,True,False,False
SUM-f6f147874327,LEX-EN-000007,lexicons,manual_review_required,97.75,12,11,1,0,0,True,False,False
SUM-4c7719a00e6d,LEX-EN-000008,lexicons,manual_review_required,97.75,12,11,1,0,0,True,False,False
SUM-3ceada05a97c,LEX-EN-000009,lexicons,manual_review_required,97.75,12,11,1,0,0,True,False,False
SUM-1f8f17aa69f6,LEX-EN-000010,lexicons,manual_review_required,97.75,12,11,1,0,0,True,False,False
SUM-aa3e971aac9d,LEX-EN-000011,lexicons,manual_review_required,97.75,12,11,1,0,0,True,False,False
SUM-318c935385a7,LEX-EN-000012,lexicons,manual_review_required,97.75,12,11,1,0,0,True,False,False
SUM-e6600046f6dd,LEX-EN-000013,lexicons,manual_review_required,97.75,12,11,1,0,0,True,False,False
SUM-394d4de3a9bd,LEX-EN-000014,lexicons,manual_review_required,97.75,12,11,1,0,0,True,False,False
SUM-c7566173f56e,LEX-EN-000015,lexicons,manual_review_required,97.75,12,11,1,0,0,True,False,False
SUM-ee71c71685b1,LEX-EN-000016,lexicons,manual_review_required,97.75,12,11,1,0,0,True,False,False
SUM-aa98622d3a08,LEX-EN-000017,lexicons,manual_review_required,97.75,12,11,1,0,0,True,False,False
SUM-ec620a408ccd,LEX-EN-000018,lexicons,manual_review_required,97.75,12,11,1,0,0,True,False,False
