check_type,record_id_1,record_id_2,similarity_metric,similarity_score,status
exact_normalized,SRC-EN-VOC-0145,SRC-EN-VOC-0135,exact_match,1.00,rejected_duplicate
exact_normalized,SRC-EN-VOC-0146,SRC-EN-VOC-0136,exact_match,1.00,rejected_duplicate
exact_normalized,SRC-EN-VOC-0147,SRC-EN-VOC-0137,exact_match,1.00,rejected_duplicate
exact_normalized,SRC-EN-VOC-0148,SRC-EN-VOC-0138,exact_match,1.00,rejected_duplicate
exact_normalized,SRC-EN-VOC-0149,SRC-EN-VOC-0139,exact_match,1.00,rejected_duplicate
exact_normalized,SRC-EN-VOC-0160,SRC-EN-VOC-0150,exact_match,1.00,rejected_duplicate
exact_normalized,SRC-EN-VOC-0161,SRC-EN-VOC-0151,exact_match,1.00,rejected_duplicate
exact_normalized,SRC-EN-VOC-0162,SRC-EN-VOC-0152,exact_match,1.00,rejected_duplicate
exact_normalized,SRC-EN-VOC-0163,SRC-EN-VOC-0153,exact_match,1.00,rejected_duplicate
exact_normalized,SRC-EN-VOC-0164,SRC-EN-VOC-0154,exact_match,1.00,rejected_duplicate
near_duplicate,SRC-EN-VOC-0100,SRC-EN-VOC-0101,jaccard_similarity,0.75,manual_review_required
near_duplicate,SRC-EN-VOC-0100,SRC-EN-VOC-0102,jaccard_similarity,0.75,manual_review_required
near_duplicate,SRC-EN-VOC-0100,SRC-EN-VOC-0103,jaccard_similarity,0.75,manual_review_required
near_duplicate,SRC-EN-VOC-0100,SRC-EN-VOC-0106,jaccard_similarity,0.75,manual_review_required
near_duplicate,SRC-EN-VOC-0100,SRC-EN-VOC-0107,jaccard_similarity,0.75,manual_review_required
near_duplicate,SRC-EN-VOC-0100,SRC-EN-VOC-0113,jaccard_similarity,0.75,manual_review_required
near_duplicate,SRC-EN-VOC-0100,SRC-EN-VOC-0115,jaccard_similarity,0.75,manual_review_required
near_duplicate,SRC-EN-VOC-0100,SRC-EN-VOC-0116,jaccard_similarity,0.75,manual_review_required
near_duplicate,SRC-EN-VOC-0100,SRC-EN-VOC-0117,jaccard_similarity,0.75,manual_review_required
near_duplicate,SRC-EN-VOC-0100,SRC-EN-VOC-0118,jaccard_similarity,0.75,manual_review_required
near_duplicate,SRC-EN-VOC-0101,SRC-EN-VOC-0103,jaccard_similarity,0.75,manual_review_required
near_duplicate,SRC-EN-VOC-0101,SRC-EN-VOC-0105,jaccard_similarity,0.75,manual_review_required
near_duplicate,SRC-EN-VOC-0101,SRC-EN-VOC-0106,jaccard_similarity,0.75,manual_review_required
near_duplicate,SRC-EN-VOC-0101,SRC-EN-VOC-0107,jaccard_similarity,0.75,manual_review_required
near_duplicate,SRC-EN-VOC-0101,SRC-EN-VOC-0115,jaccard_similarity,0.75,manual_review_required
near_duplicate,SRC-EN-VOC-0101,SRC-EN-VOC-0116,jaccard_similarity,0.75,manual_review_required
near_duplicate,SRC-EN-VOC-0101,SRC-EN-VOC-0117,jaccard_similarity,0.75,manual_review_required
near_duplicate,SRC-EN-VOC-0102,SRC-EN-VOC-0118,jaccard_similarity,0.75,manual_review_required
near_duplicate,SRC-EN-VOC-0103,SRC-EN-VOC-0105,jaccard_similarity,0.75,manual_review_required
near_duplicate,SRC-EN-VOC-0103,SRC-EN-VOC-0106,jaccard_similarity,0.75,manual_review_required
near_duplicate,SRC-EN-VOC-0103,SRC-EN-VOC-0107,jaccard_similarity,0.75,manual_review_required
near_duplicate,SRC-EN-VOC-0103,SRC-EN-VOC-0115,jaccard_similarity,0.75,manual_review_required
near_duplicate,SRC-EN-VOC-0103,SRC-EN-VOC-0116,jaccard_similarity,0.75,manual_review_required
near_duplicate,SRC-EN-VOC-0103,SRC-EN-VOC-0117,jaccard_similarity,0.75,manual_review_required
near_duplicate,SRC-EN-VOC-0105,SRC-EN-VOC-0106,jaccard_similarity,0.75,manual_review_required
near_duplicate,SRC-EN-VOC-0106,SRC-EN-VOC-0107,jaccard_similarity,0.75,manual_review_required
near_duplicate,SRC-EN-VOC-0106,SRC-EN-VOC-0108,jaccard_similarity,0.75,manual_review_required
near_duplicate,SRC-EN-VOC-0106,SRC-EN-VOC-0113,jaccard_similarity,0.75,manual_review_required
near_duplicate,SRC-EN-VOC-0106,SRC-EN-VOC-0115,jaccard_similarity,0.75,manual_review_required
near_duplicate,SRC-EN-VOC-0106,SRC-EN-VOC-0116,jaccard_similarity,0.75,manual_review_required
near_duplicate,SRC-EN-VOC-0106,SRC-EN-VOC-0117,jaccard_similarity,0.75,manual_review_required
near_duplicate,SRC-EN-VOC-0107,SRC-EN-VOC-0115,jaccard_similarity,0.75,manual_review_required
near_duplicate,SRC-EN-VOC-0107,SRC-EN-VOC-0116,jaccard_similarity,0.75,manual_review_required
near_duplicate,SRC-EN-VOC-0107,SRC-EN-VOC-0117,jaccard_similarity,0.75,manual_review_required
near_duplicate,SRC-EN-VOC-0113,SRC-EN-VOC-0114,jaccard_similarity,0.75,manual_review_required
near_duplicate,SRC-EN-VOC-0113,SRC-EN-VOC-0117,jaccard_similarity,0.75,manual_review_required
near_duplicate,SRC-EN-VOC-0115,SRC-EN-VOC-0116,jaccard_similarity,0.75,manual_review_required
near_duplicate,SRC-EN-VOC-0115,SRC-EN-VOC-0117,jaccard_similarity,0.75,manual_review_required
near_duplicate,SRC-EN-VOC-0115,SRC-EN-VOC-0118,jaccard_similarity,0.75,manual_review_required
near_duplicate,SRC-EN-VOC-0116,SRC-EN-VOC-0117,jaccard_similarity,0.75,manual_review_required
near_duplicate,SRC-EN-GRA-0190,SRC-EN-GRA-0191,jaccard_similarity,0.818,manual_review_required
near_duplicate,SRC-EN-GRA-0190,SRC-EN-GRA-0192,jaccard_similarity,0.818,manual_review_required
near_duplicate,SRC-EN-GRA-0190,SRC-EN-GRA-0194,jaccard_similarity,0.818,manual_review_required
near_duplicate,SRC-EN-GRA-0190,SRC-EN-GRA-0195,jaccard_similarity,0.818,manual_review_required
near_duplicate,SRC-EN-GRA-0190,SRC-EN-GRA-0196,jaccard_similarity,0.818,manual_review_required
near_duplicate,SRC-EN-GRA-0190,SRC-EN-GRA-0198,jaccard_similarity,0.818,manual_review_required
near_duplicate,SRC-EN-GRA-0190,SRC-EN-GRA-0199,jaccard_similarity,0.818,manual_review_required
near_duplicate,SRC-EN-GRA-0190,SRC-EN-GRA-0200,jaccard_similarity,0.818,manual_review_required
near_duplicate,SRC-EN-GRA-0190,SRC-EN-GRA-0201,jaccard_similarity,0.818,manual_review_required
near_duplicate,SRC-EN-GRA-0190,SRC-EN-GRA-0202,jaccard_similarity,0.818,manual_review_required
near_duplicate,SRC-EN-GRA-0190,SRC-EN-GRA-0203,jaccard_similarity,0.818,manual_review_required
near_duplicate,SRC-EN-GRA-0190,SRC-EN-GRA-0204,jaccard_similarity,0.818,manual_review_required
near_duplicate,SRC-EN-GRA-0191,SRC-EN-GRA-0192,jaccard_similarity,0.818,manual_review_required
near_duplicate,SRC-EN-GRA-0191,SRC-EN-GRA-0194,jaccard_similarity,0.818,manual_review_required
near_duplicate,SRC-EN-GRA-0191,SRC-EN-GRA-0195,jaccard_similarity,0.818,manual_review_required
near_duplicate,SRC-EN-GRA-0191,SRC-EN-GRA-0196,jaccard_similarity,0.818,manual_review_required
near_duplicate,SRC-EN-GRA-0191,SRC-EN-GRA-0198,jaccard_similarity,0.818,manual_review_required
near_duplicate,SRC-EN-GRA-0191,SRC-EN-GRA-0199,jaccard_similarity,0.818,manual_review_required
near_duplicate,SRC-EN-GRA-0191,SRC-EN-GRA-0200,jaccard_similarity,0.818,manual_review_required
near_duplicate,SRC-EN-GRA-0191,SRC-EN-GRA-0201,jaccard_similarity,0.818,manual_review_required
near_duplicate,SRC-EN-GRA-0191,SRC-EN-GRA-0202,jaccard_similarity,0.818,manual_review_required
near_duplicate,SRC-EN-GRA-0191,SRC-EN-GRA-0203,jaccard_similarity,0.818,manual_review_required
near_duplicate,SRC-EN-GRA-0191,SRC-EN-GRA-0204,jaccard_similarity,0.818,manual_review_required
near_duplicate,SRC-EN-GRA-0192,SRC-EN-GRA-0193,jaccard_similarity,0.818,manual_review_required
near_duplicate,SRC-EN-GRA-0192,SRC-EN-GRA-0194,jaccard_similarity,0.818,manual_review_required
near_duplicate,SRC-EN-GRA-0192,SRC-EN-GRA-0195,jaccard_similarity,0.818,manual_review_required
near_duplicate,SRC-EN-GRA-0192,SRC-EN-GRA-0196,jaccard_similarity,0.818,manual_review_required
near_duplicate,SRC-EN-GRA-0192,SRC-EN-GRA-0198,jaccard_similarity,0.818,manual_review_required
near_duplicate,SRC-EN-GRA-0192,SRC-EN-GRA-0199,jaccard_similarity,0.818,manual_review_required
near_duplicate,SRC-EN-GRA-0192,SRC-EN-GRA-0200,jaccard_similarity,0.818,manual_review_required
near_duplicate,SRC-EN-GRA-0192,SRC-EN-GRA-0201,jaccard_similarity,0.818,manual_review_required
near_duplicate,SRC-EN-GRA-0192,SRC-EN-GRA-0202,jaccard_similarity,0.818,manual_review_required
near_duplicate,SRC-EN-GRA-0192,SRC-EN-GRA-0203,jaccard_similarity,0.818,manual_review_required
near_duplicate,SRC-EN-GRA-0192,SRC-EN-GRA-0204,jaccard_similarity,0.818,manual_review_required
near_duplicate,SRC-EN-GRA-0193,SRC-EN-GRA-0194,jaccard_similarity,0.818,manual_review_required
near_duplicate,SRC-EN-GRA-0193,SRC-EN-GRA-0195,jaccard_similarity,0.818,manual_review_required
near_duplicate,SRC-EN-GRA-0193,SRC-EN-GRA-0200,jaccard_similarity,0.818,manual_review_required
near_duplicate,SRC-EN-GRA-0193,SRC-EN-GRA-0202,jaccard_similarity,0.818,manual_review_required
near_duplicate,SRC-EN-GRA-0193,SRC-EN-GRA-0204,jaccard_similarity,0.818,manual_review_required
near_duplicate,SRC-EN-GRA-0194,SRC-EN-GRA-0195,jaccard_similarity,0.818,manual_review_required
near_duplicate,SRC-EN-GRA-0194,SRC-EN-GRA-0196,jaccard_similarity,0.818,manual_review_required
near_duplicate,SRC-EN-GRA-0194,SRC-EN-GRA-0198,jaccard_similarity,0.818,manual_review_required
near_duplicate,SRC-EN-GRA-0194,SRC-EN-GRA-0199,jaccard_similarity,0.818,manual_review_required
near_duplicate,SRC-EN-GRA-0194,SRC-EN-GRA-0200,jaccard_similarity,0.818,manual_review_required
near_duplicate,SRC-EN-GRA-0194,SRC-EN-GRA-0201,jaccard_similarity,0.818,manual_review_required
near_duplicate,SRC-EN-GRA-0194,SRC-EN-GRA-0202,jaccard_similarity,0.818,manual_review_required
near_duplicate,SRC-EN-GRA-0194,SRC-EN-GRA-0203,jaccard_similarity,0.818,manual_review_required
near_duplicate,SRC-EN-GRA-0194,SRC-EN-GRA-0204,jaccard_similarity,0.818,manual_review_required
near_duplicate,SRC-EN-COM-0250,SRC-EN-COM-0260,jaccard_similarity,0.857,manual_review_required
near_duplicate,SRC-EN-COM-0250,SRC-EN-COM-0270,jaccard_similarity,0.857,manual_review_required
near_duplicate,SRC-EN-COM-0250,SRC-EN-COM-0280,jaccard_similarity,0.857,manual_review_required
near_duplicate,SRC-EN-COM-0250,SRC-EN-COM-0290,jaccard_similarity,0.857,manual_review_required
near_duplicate,SRC-EN-COM-0250,SRC-EN-COM-0300,jaccard_similarity,0.857,manual_review_required
near_duplicate,SRC-EN-COM-0250,SRC-EN-COM-0310,jaccard_similarity,0.857,manual_review_required
near_duplicate,SRC-EN-COM-0250,SRC-EN-COM-0320,jaccard_similarity,0.857,manual_review_required
near_duplicate,SRC-EN-COM-0251,SRC-EN-COM-0261,jaccard_similarity,0.857,manual_review_required
near_duplicate,SRC-EN-COM-0251,SRC-EN-COM-0271,jaccard_similarity,0.857,manual_review_required
near_duplicate,SRC-EN-COM-0251,SRC-EN-COM-0281,jaccard_similarity,0.857,manual_review_required
near_duplicate,SRC-EN-COM-0251,SRC-EN-COM-0291,jaccard_similarity,0.857,manual_review_required
near_duplicate,SRC-EN-COM-0251,SRC-EN-COM-0301,jaccard_similarity,0.857,manual_review_required
near_duplicate,SRC-EN-COM-0251,SRC-EN-COM-0311,jaccard_similarity,0.857,manual_review_required
near_duplicate,SRC-EN-COM-0251,SRC-EN-COM-0321,jaccard_similarity,0.857,manual_review_required
near_duplicate,SRC-EN-COM-0252,SRC-EN-COM-0262,jaccard_similarity,0.857,manual_review_required
near_duplicate,SRC-EN-COM-0252,SRC-EN-COM-0272,jaccard_similarity,0.857,manual_review_required
near_duplicate,SRC-EN-COM-0252,SRC-EN-COM-0282,jaccard_similarity,0.857,manual_review_required
near_duplicate,SRC-EN-COM-0252,SRC-EN-COM-0292,jaccard_similarity,0.857,manual_review_required
near_duplicate,SRC-EN-COM-0252,SRC-EN-COM-0302,jaccard_similarity,0.857,manual_review_required
near_duplicate,SRC-EN-COM-0252,SRC-EN-COM-0312,jaccard_similarity,0.857,manual_review_required
near_duplicate,SRC-EN-COM-0252,SRC-EN-COM-0322,jaccard_similarity,0.857,manual_review_required
near_duplicate,SRC-EN-COM-0253,SRC-EN-COM-0263,jaccard_similarity,0.846,manual_review_required
near_duplicate,SRC-EN-COM-0253,SRC-EN-COM-0273,jaccard_similarity,0.846,manual_review_required
near_duplicate,SRC-EN-COM-0253,SRC-EN-COM-0283,jaccard_similarity,0.846,manual_review_required
near_duplicate,SRC-EN-COM-0253,SRC-EN-COM-0293,jaccard_similarity,0.846,manual_review_required
near_duplicate,SRC-EN-COM-0253,SRC-EN-COM-0303,jaccard_similarity,0.846,manual_review_required
near_duplicate,SRC-EN-COM-0253,SRC-EN-COM-0313,jaccard_similarity,0.846,manual_review_required
near_duplicate,SRC-EN-COM-0253,SRC-EN-COM-0323,jaccard_similarity,0.846,manual_review_required
near_duplicate,SRC-EN-COM-0254,SRC-EN-COM-0264,jaccard_similarity,0.882,manual_review_required
near_duplicate,SRC-EN-COM-0254,SRC-EN-COM-0274,jaccard_similarity,0.882,manual_review_required
near_duplicate,SRC-EN-COM-0254,SRC-EN-COM-0284,jaccard_similarity,0.882,manual_review_required
near_duplicate,SRC-EN-COM-0254,SRC-EN-COM-0294,jaccard_similarity,0.882,manual_review_required
near_duplicate,SRC-EN-COM-0254,SRC-EN-COM-0304,jaccard_similarity,0.882,manual_review_required
near_duplicate,SRC-EN-COM-0254,SRC-EN-COM-0314,jaccard_similarity,0.882,manual_review_required
near_duplicate,SRC-EN-COM-0254,SRC-EN-COM-0324,jaccard_similarity,0.882,manual_review_required
near_duplicate,SRC-EN-COM-0255,SRC-EN-COM-0265,jaccard_similarity,0.846,manual_review_required
near_duplicate,SRC-EN-COM-0255,SRC-EN-COM-0275,jaccard_similarity,0.846,manual_review_required
near_duplicate,SRC-EN-COM-0255,SRC-EN-COM-0285,jaccard_similarity,0.846,manual_review_required
near_duplicate,SRC-EN-COM-0255,SRC-EN-COM-0295,jaccard_similarity,0.846,manual_review_required
near_duplicate,SRC-EN-COM-0255,SRC-EN-COM-0305,jaccard_similarity,0.846,manual_review_required
near_duplicate,SRC-EN-COM-0255,SRC-EN-COM-0315,jaccard_similarity,0.846,manual_review_required
near_duplicate,SRC-EN-COM-0256,SRC-EN-COM-0266,jaccard_similarity,0.875,manual_review_required
near_duplicate,SRC-EN-COM-0256,SRC-EN-COM-0276,jaccard_similarity,0.875,manual_review_required
near_duplicate,SRC-EN-COM-0256,SRC-EN-COM-0286,jaccard_similarity,0.875,manual_review_required
near_duplicate,SRC-EN-COM-0256,SRC-EN-COM-0296,jaccard_similarity,0.875,manual_review_required
near_duplicate,SRC-EN-COM-0256,SRC-EN-COM-0306,jaccard_similarity,0.875,manual_review_required
near_duplicate,SRC-EN-COM-0256,SRC-EN-COM-0316,jaccard_similarity,0.875,manual_review_required
near_duplicate,SRC-EN-COM-0257,SRC-EN-COM-0267,jaccard_similarity,0.875,manual_review_required
near_duplicate,SRC-EN-COM-0257,SRC-EN-COM-0277,jaccard_similarity,0.875,manual_review_required
near_duplicate,SRC-EN-COM-0257,SRC-EN-COM-0287,jaccard_similarity,0.875,manual_review_required
near_duplicate,SRC-EN-COM-0257,SRC-EN-COM-0297,jaccard_similarity,0.875,manual_review_required
near_duplicate,SRC-EN-COM-0257,SRC-EN-COM-0307,jaccard_similarity,0.875,manual_review_required
near_duplicate,SRC-EN-COM-0257,SRC-EN-COM-0317,jaccard_similarity,0.875,manual_review_required
near_duplicate,SRC-EN-COM-0258,SRC-EN-COM-0268,jaccard_similarity,0.857,manual_review_required
near_duplicate,SRC-EN-COM-0258,SRC-EN-COM-0278,jaccard_similarity,0.857,manual_review_required
near_duplicate,SRC-EN-COM-0258,SRC-EN-COM-0288,jaccard_similarity,0.857,manual_review_required
near_duplicate,SRC-EN-COM-0258,SRC-EN-COM-0298,jaccard_similarity,0.857,manual_review_required
near_duplicate,SRC-EN-COM-0258,SRC-EN-COM-0308,jaccard_similarity,0.857,manual_review_required
near_duplicate,SRC-EN-COM-0258,SRC-EN-COM-0318,jaccard_similarity,0.857,manual_review_required
near_duplicate,SRC-EN-COM-0259,SRC-EN-COM-0269,jaccard_similarity,0.857,manual_review_required
near_duplicate,SRC-EN-COM-0259,SRC-EN-COM-0279,jaccard_similarity,0.857,manual_review_required
near_duplicate,SRC-EN-COM-0259,SRC-EN-COM-0289,jaccard_similarity,0.857,manual_review_required
near_duplicate,SRC-EN-COM-0259,SRC-EN-COM-0299,jaccard_similarity,0.857,manual_review_required
near_duplicate,SRC-EN-COM-0259,SRC-EN-COM-0309,jaccard_similarity,0.857,manual_review_required
near_duplicate,SRC-EN-COM-0259,SRC-EN-COM-0319,jaccard_similarity,0.857,manual_review_required
near_duplicate,SRC-EN-COM-0260,SRC-EN-COM-0270,jaccard_similarity,0.857,manual_review_required
near_duplicate,SRC-EN-COM-0260,SRC-EN-COM-0280,jaccard_similarity,0.857,manual_review_required
near_duplicate,SRC-EN-COM-0260,SRC-EN-COM-0290,jaccard_similarity,0.857,manual_review_required
near_duplicate,SRC-EN-COM-0260,SRC-EN-COM-0300,jaccard_similarity,0.857,manual_review_required
near_duplicate,SRC-EN-COM-0260,SRC-EN-COM-0310,jaccard_similarity,0.857,manual_review_required
near_duplicate,SRC-EN-COM-0260,SRC-EN-COM-0320,jaccard_similarity,0.857,manual_review_required
near_duplicate,SRC-EN-COM-0261,SRC-EN-COM-0271,jaccard_similarity,0.857,manual_review_required
near_duplicate,SRC-EN-COM-0261,SRC-EN-COM-0281,jaccard_similarity,0.857,manual_review_required
near_duplicate,SRC-EN-COM-0261,SRC-EN-COM-0291,jaccard_similarity,0.857,manual_review_required
near_duplicate,SRC-EN-COM-0261,SRC-EN-COM-0301,jaccard_similarity,0.857,manual_review_required
near_duplicate,SRC-EN-COM-0261,SRC-EN-COM-0311,jaccard_similarity,0.857,manual_review_required
near_duplicate,SRC-EN-COM-0261,SRC-EN-COM-0321,jaccard_similarity,0.857,manual_review_required
near_duplicate,SRC-EN-COM-0262,SRC-EN-COM-0272,jaccard_similarity,0.857,manual_review_required
near_duplicate,SRC-EN-COM-0262,SRC-EN-COM-0282,jaccard_similarity,0.857,manual_review_required
near_duplicate,SRC-EN-COM-0262,SRC-EN-COM-0292,jaccard_similarity,0.857,manual_review_required
near_duplicate,SRC-EN-COM-0262,SRC-EN-COM-0302,jaccard_similarity,0.857,manual_review_required
near_duplicate,SRC-EN-COM-0262,SRC-EN-COM-0312,jaccard_similarity,0.857,manual_review_required
near_duplicate,SRC-EN-COM-0262,SRC-EN-COM-0322,jaccard_similarity,0.857,manual_review_required
near_duplicate,SRC-EN-COM-0263,SRC-EN-COM-0273,jaccard_similarity,0.846,manual_review_required
near_duplicate,SRC-EN-COM-0263,SRC-EN-COM-0283,jaccard_similarity,0.846,manual_review_required
near_duplicate,SRC-EN-COM-0263,SRC-EN-COM-0293,jaccard_similarity,0.846,manual_review_required
near_duplicate,SRC-EN-COM-0263,SRC-EN-COM-0303,jaccard_similarity,0.846,manual_review_required
near_duplicate,SRC-EN-COM-0263,SRC-EN-COM-0313,jaccard_similarity,0.846,manual_review_required
near_duplicate,SRC-EN-COM-0263,SRC-EN-COM-0323,jaccard_similarity,0.846,manual_review_required
near_duplicate,SRC-EN-COM-0264,SRC-EN-COM-0274,jaccard_similarity,0.882,manual_review_required
near_duplicate,SRC-EN-COM-0264,SRC-EN-COM-0284,jaccard_similarity,0.882,manual_review_required
near_duplicate,SRC-EN-COM-0264,SRC-EN-COM-0294,jaccard_similarity,0.882,manual_review_required
near_duplicate,SRC-EN-COM-0264,SRC-EN-COM-0304,jaccard_similarity,0.882,manual_review_required
near_duplicate,SRC-EN-COM-0264,SRC-EN-COM-0314,jaccard_similarity,0.882,manual_review_required
near_duplicate,SRC-EN-COM-0264,SRC-EN-COM-0324,jaccard_similarity,0.882,manual_review_required
near_duplicate,SRC-EN-COM-0265,SRC-EN-COM-0275,jaccard_similarity,0.846,manual_review_required
near_duplicate,SRC-EN-COM-0265,SRC-EN-COM-0285,jaccard_similarity,0.846,manual_review_required
near_duplicate,SRC-EN-COM-0265,SRC-EN-COM-0295,jaccard_similarity,0.846,manual_review_required
near_duplicate,SRC-EN-COM-0265,SRC-EN-COM-0305,jaccard_similarity,0.846,manual_review_required
near_duplicate,SRC-EN-COM-0265,SRC-EN-COM-0315,jaccard_similarity,0.846,manual_review_required
near_duplicate,SRC-EN-COM-0266,SRC-EN-COM-0276,jaccard_similarity,0.875,manual_review_required
near_duplicate,SRC-EN-COM-0266,SRC-EN-COM-0286,jaccard_similarity,0.875,manual_review_required
near_duplicate,SRC-EN-COM-0266,SRC-EN-COM-0296,jaccard_similarity,0.875,manual_review_required
near_duplicate,SRC-EN-COM-0266,SRC-EN-COM-0306,jaccard_similarity,0.875,manual_review_required
near_duplicate,SRC-EN-COM-0266,SRC-EN-COM-0316,jaccard_similarity,0.875,manual_review_required
near_duplicate,SRC-EN-COM-0267,SRC-EN-COM-0277,jaccard_similarity,0.875,manual_review_required
near_duplicate,SRC-EN-COM-0267,SRC-EN-COM-0287,jaccard_similarity,0.875,manual_review_required
near_duplicate,SRC-EN-COM-0267,SRC-EN-COM-0297,jaccard_similarity,0.875,manual_review_required
near_duplicate,SRC-EN-COM-0267,SRC-EN-COM-0307,jaccard_similarity,0.875,manual_review_required
near_duplicate,SRC-EN-COM-0267,SRC-EN-COM-0317,jaccard_similarity,0.875,manual_review_required
near_duplicate,SRC-EN-COM-0268,SRC-EN-COM-0278,jaccard_similarity,0.857,manual_review_required
near_duplicate,SRC-EN-COM-0268,SRC-EN-COM-0288,jaccard_similarity,0.857,manual_review_required
near_duplicate,SRC-EN-COM-0268,SRC-EN-COM-0298,jaccard_similarity,0.857,manual_review_required
near_duplicate,SRC-EN-COM-0268,SRC-EN-COM-0308,jaccard_similarity,0.857,manual_review_required
near_duplicate,SRC-EN-COM-0268,SRC-EN-COM-0318,jaccard_similarity,0.857,manual_review_required
near_duplicate,SRC-EN-COM-0269,SRC-EN-COM-0279,jaccard_similarity,0.857,manual_review_required
near_duplicate,SRC-EN-COM-0269,SRC-EN-COM-0289,jaccard_similarity,0.857,manual_review_required
near_duplicate,SRC-EN-COM-0269,SRC-EN-COM-0299,jaccard_similarity,0.857,manual_review_required
near_duplicate,SRC-EN-COM-0269,SRC-EN-COM-0309,jaccard_similarity,0.857,manual_review_required
near_duplicate,SRC-EN-COM-0269,SRC-EN-COM-0319,jaccard_similarity,0.857,manual_review_required
near_duplicate,SRC-EN-INS-0325,SRC-EN-INS-0335,jaccard_similarity,0.857,manual_review_required
near_duplicate,SRC-EN-INS-0325,SRC-EN-INS-0345,jaccard_similarity,0.857,manual_review_required
near_duplicate,SRC-EN-INS-0325,SRC-EN-INS-0355,jaccard_similarity,0.857,manual_review_required
near_duplicate,SRC-EN-INS-0325,SRC-EN-INS-0365,jaccard_similarity,0.857,manual_review_required
near_duplicate,SRC-EN-INS-0325,SRC-EN-INS-0375,jaccard_similarity,0.857,manual_review_required
near_duplicate,SRC-EN-INS-0325,SRC-EN-INS-0385,jaccard_similarity,0.857,manual_review_required
near_duplicate,SRC-EN-INS-0325,SRC-EN-INS-0395,jaccard_similarity,0.857,manual_review_required
near_duplicate,SRC-EN-INS-0326,SRC-EN-INS-0336,jaccard_similarity,0.833,manual_review_required
near_duplicate,SRC-EN-INS-0326,SRC-EN-INS-0346,jaccard_similarity,0.833,manual_review_required
near_duplicate,SRC-EN-INS-0326,SRC-EN-INS-0356,jaccard_similarity,0.833,manual_review_required
near_duplicate,SRC-EN-INS-0326,SRC-EN-INS-0366,jaccard_similarity,0.833,manual_review_required
near_duplicate,SRC-EN-INS-0326,SRC-EN-INS-0376,jaccard_similarity,0.833,manual_review_required
near_duplicate,SRC-EN-INS-0326,SRC-EN-INS-0386,jaccard_similarity,0.833,manual_review_required
near_duplicate,SRC-EN-INS-0326,SRC-EN-INS-0396,jaccard_similarity,0.833,manual_review_required
near_duplicate,SRC-EN-INS-0327,SRC-EN-INS-0337,jaccard_similarity,0.818,manual_review_required
near_duplicate,SRC-EN-INS-0327,SRC-EN-INS-0347,jaccard_similarity,0.818,manual_review_required
near_duplicate,SRC-EN-INS-0327,SRC-EN-INS-0357,jaccard_similarity,0.818,manual_review_required
near_duplicate,SRC-EN-INS-0327,SRC-EN-INS-0367,jaccard_similarity,0.818,manual_review_required
near_duplicate,SRC-EN-INS-0327,SRC-EN-INS-0377,jaccard_similarity,0.818,manual_review_required
near_duplicate,SRC-EN-INS-0327,SRC-EN-INS-0387,jaccard_similarity,0.818,manual_review_required
near_duplicate,SRC-EN-INS-0327,SRC-EN-INS-0397,jaccard_similarity,0.818,manual_review_required
near_duplicate,SRC-EN-INS-0328,SRC-EN-INS-0338,jaccard_similarity,0.833,manual_review_required
near_duplicate,SRC-EN-INS-0328,SRC-EN-INS-0348,jaccard_similarity,0.833,manual_review_required
near_duplicate,SRC-EN-INS-0328,SRC-EN-INS-0358,jaccard_similarity,0.833,manual_review_required
near_duplicate,SRC-EN-INS-0328,SRC-EN-INS-0368,jaccard_similarity,0.833,manual_review_required
near_duplicate,SRC-EN-INS-0328,SRC-EN-INS-0378,jaccard_similarity,0.833,manual_review_required
near_duplicate,SRC-EN-INS-0328,SRC-EN-INS-0388,jaccard_similarity,0.833,manual_review_required
near_duplicate,SRC-EN-INS-0328,SRC-EN-INS-0398,jaccard_similarity,0.833,manual_review_required
near_duplicate,SRC-EN-INS-0329,SRC-EN-INS-0339,jaccard_similarity,0.818,manual_review_required
near_duplicate,SRC-EN-INS-0329,SRC-EN-INS-0349,jaccard_similarity,0.818,manual_review_required
near_duplicate,SRC-EN-INS-0329,SRC-EN-INS-0359,jaccard_similarity,0.818,manual_review_required
near_duplicate,SRC-EN-INS-0329,SRC-EN-INS-0369,jaccard_similarity,0.818,manual_review_required
near_duplicate,SRC-EN-INS-0329,SRC-EN-INS-0379,jaccard_similarity,0.818,manual_review_required
near_duplicate,SRC-EN-INS-0329,SRC-EN-INS-0389,jaccard_similarity,0.818,manual_review_required
near_duplicate,SRC-EN-INS-0329,SRC-EN-INS-0399,jaccard_similarity,0.818,manual_review_required
near_duplicate,SRC-EN-INS-0330,SRC-EN-INS-0340,jaccard_similarity,0.857,manual_review_required
near_duplicate,SRC-EN-INS-0330,SRC-EN-INS-0350,jaccard_similarity,0.857,manual_review_required
near_duplicate,SRC-EN-INS-0330,SRC-EN-INS-0360,jaccard_similarity,0.857,manual_review_required
near_duplicate,SRC-EN-INS-0330,SRC-EN-INS-0370,jaccard_similarity,0.857,manual_review_required
near_duplicate,SRC-EN-INS-0330,SRC-EN-INS-0380,jaccard_similarity,0.857,manual_review_required
near_duplicate,SRC-EN-INS-0330,SRC-EN-INS-0390,jaccard_similarity,0.857,manual_review_required
near_duplicate,SRC-EN-INS-0331,SRC-EN-INS-0341,jaccard_similarity,0.857,manual_review_required
near_duplicate,SRC-EN-INS-0331,SRC-EN-INS-0351,jaccard_similarity,0.857,manual_review_required
near_duplicate,SRC-EN-INS-0331,SRC-EN-INS-0361,jaccard_similarity,0.857,manual_review_required
near_duplicate,SRC-EN-INS-0331,SRC-EN-INS-0371,jaccard_similarity,0.857,manual_review_required
near_duplicate,SRC-EN-INS-0331,SRC-EN-INS-0381,jaccard_similarity,0.857,manual_review_required
near_duplicate,SRC-EN-INS-0331,SRC-EN-INS-0391,jaccard_similarity,0.857,manual_review_required
near_duplicate,SRC-EN-INS-0332,SRC-EN-INS-0342,jaccard_similarity,0.833,manual_review_required
near_duplicate,SRC-EN-INS-0332,SRC-EN-INS-0352,jaccard_similarity,0.833,manual_review_required
near_duplicate,SRC-EN-INS-0332,SRC-EN-INS-0362,jaccard_similarity,0.833,manual_review_required
near_duplicate,SRC-EN-INS-0332,SRC-EN-INS-0372,jaccard_similarity,0.833,manual_review_required
near_duplicate,SRC-EN-INS-0332,SRC-EN-INS-0382,jaccard_similarity,0.833,manual_review_required
near_duplicate,SRC-EN-INS-0332,SRC-EN-INS-0392,jaccard_similarity,0.833,manual_review_required
near_duplicate,SRC-EN-INS-0333,SRC-EN-INS-0343,jaccard_similarity,0.833,manual_review_required
near_duplicate,SRC-EN-INS-0333,SRC-EN-INS-0353,jaccard_similarity,0.833,manual_review_required
near_duplicate,SRC-EN-INS-0333,SRC-EN-INS-0363,jaccard_similarity,0.833,manual_review_required
near_duplicate,SRC-EN-INS-0333,SRC-EN-INS-0373,jaccard_similarity,0.833,manual_review_required
near_duplicate,SRC-EN-INS-0333,SRC-EN-INS-0383,jaccard_similarity,0.833,manual_review_required
near_duplicate,SRC-EN-INS-0333,SRC-EN-INS-0393,jaccard_similarity,0.833,manual_review_required
near_duplicate,SRC-EN-INS-0334,SRC-EN-INS-0344,jaccard_similarity,0.846,manual_review_required
near_duplicate,SRC-EN-INS-0334,SRC-EN-INS-0354,jaccard_similarity,0.846,manual_review_required
near_duplicate,SRC-EN-INS-0334,SRC-EN-INS-0364,jaccard_similarity,0.846,manual_review_required
near_duplicate,SRC-EN-INS-0334,SRC-EN-INS-0374,jaccard_similarity,0.846,manual_review_required
near_duplicate,SRC-EN-INS-0334,SRC-EN-INS-0384,jaccard_similarity,0.846,manual_review_required
near_duplicate,SRC-EN-INS-0334,SRC-EN-INS-0394,jaccard_similarity,0.846,manual_review_required
near_duplicate,SRC-EN-INS-0335,SRC-EN-INS-0345,jaccard_similarity,0.857,manual_review_required
near_duplicate,SRC-EN-INS-0335,SRC-EN-INS-0355,jaccard_similarity,0.857,manual_review_required
near_duplicate,SRC-EN-INS-0335,SRC-EN-INS-0365,jaccard_similarity,0.857,manual_review_required
near_duplicate,SRC-EN-INS-0335,SRC-EN-INS-0375,jaccard_similarity,0.857,manual_review_required
near_duplicate,SRC-EN-INS-0335,SRC-EN-INS-0385,jaccard_similarity,0.857,manual_review_required
near_duplicate,SRC-EN-INS-0335,SRC-EN-INS-0395,jaccard_similarity,0.857,manual_review_required
near_duplicate,SRC-EN-INS-0336,SRC-EN-INS-0346,jaccard_similarity,0.833,manual_review_required
near_duplicate,SRC-EN-INS-0336,SRC-EN-INS-0356,jaccard_similarity,0.833,manual_review_required
near_duplicate,SRC-EN-INS-0336,SRC-EN-INS-0366,jaccard_similarity,0.833,manual_review_required
near_duplicate,SRC-EN-INS-0336,SRC-EN-INS-0376,jaccard_similarity,0.833,manual_review_required
near_duplicate,SRC-EN-INS-0336,SRC-EN-INS-0386,jaccard_similarity,0.833,manual_review_required
near_duplicate,SRC-EN-INS-0336,SRC-EN-INS-0396,jaccard_similarity,0.833,manual_review_required
near_duplicate,SRC-EN-INS-0337,SRC-EN-INS-0347,jaccard_similarity,0.818,manual_review_required
near_duplicate,SRC-EN-INS-0337,SRC-EN-INS-0357,jaccard_similarity,0.818,manual_review_required
near_duplicate,SRC-EN-INS-0337,SRC-EN-INS-0367,jaccard_similarity,0.818,manual_review_required
near_duplicate,SRC-EN-INS-0337,SRC-EN-INS-0377,jaccard_similarity,0.818,manual_review_required
near_duplicate,SRC-EN-INS-0337,SRC-EN-INS-0387,jaccard_similarity,0.818,manual_review_required
near_duplicate,SRC-EN-INS-0337,SRC-EN-INS-0397,jaccard_similarity,0.818,manual_review_required
near_duplicate,SRC-EN-INS-0338,SRC-EN-INS-0348,jaccard_similarity,0.833,manual_review_required
near_duplicate,SRC-EN-INS-0338,SRC-EN-INS-0358,jaccard_similarity,0.833,manual_review_required
near_duplicate,SRC-EN-INS-0338,SRC-EN-INS-0368,jaccard_similarity,0.833,manual_review_required
near_duplicate,SRC-EN-INS-0338,SRC-EN-INS-0378,jaccard_similarity,0.833,manual_review_required
near_duplicate,SRC-EN-INS-0338,SRC-EN-INS-0388,jaccard_similarity,0.833,manual_review_required
near_duplicate,SRC-EN-INS-0338,SRC-EN-INS-0398,jaccard_similarity,0.833,manual_review_required
near_duplicate,SRC-EN-INS-0339,SRC-EN-INS-0349,jaccard_similarity,0.818,manual_review_required
near_duplicate,SRC-EN-INS-0339,SRC-EN-INS-0359,jaccard_similarity,0.818,manual_review_required
near_duplicate,SRC-EN-INS-0339,SRC-EN-INS-0369,jaccard_similarity,0.818,manual_review_required
near_duplicate,SRC-EN-INS-0339,SRC-EN-INS-0379,jaccard_similarity,0.818,manual_review_required
near_duplicate,SRC-EN-INS-0339,SRC-EN-INS-0389,jaccard_similarity,0.818,manual_review_required
near_duplicate,SRC-EN-INS-0339,SRC-EN-INS-0399,jaccard_similarity,0.818,manual_review_required
near_duplicate,SRC-EN-INS-0340,SRC-EN-INS-0350,jaccard_similarity,0.857,manual_review_required
near_duplicate,SRC-EN-INS-0340,SRC-EN-INS-0360,jaccard_similarity,0.857,manual_review_required
near_duplicate,SRC-EN-INS-0340,SRC-EN-INS-0370,jaccard_similarity,0.857,manual_review_required
near_duplicate,SRC-EN-INS-0340,SRC-EN-INS-0380,jaccard_similarity,0.857,manual_review_required
near_duplicate,SRC-EN-INS-0340,SRC-EN-INS-0390,jaccard_similarity,0.857,manual_review_required
near_duplicate,SRC-EN-INS-0341,SRC-EN-INS-0351,jaccard_similarity,0.857,manual_review_required
near_duplicate,SRC-EN-INS-0341,SRC-EN-INS-0361,jaccard_similarity,0.857,manual_review_required
near_duplicate,SRC-EN-INS-0341,SRC-EN-INS-0371,jaccard_similarity,0.857,manual_review_required
near_duplicate,SRC-EN-INS-0341,SRC-EN-INS-0381,jaccard_similarity,0.857,manual_review_required
near_duplicate,SRC-EN-INS-0341,SRC-EN-INS-0391,jaccard_similarity,0.857,manual_review_required
near_duplicate,SRC-EN-INS-0342,SRC-EN-INS-0352,jaccard_similarity,0.833,manual_review_required
near_duplicate,SRC-EN-INS-0342,SRC-EN-INS-0362,jaccard_similarity,0.833,manual_review_required
near_duplicate,SRC-EN-INS-0342,SRC-EN-INS-0372,jaccard_similarity,0.833,manual_review_required
near_duplicate,SRC-EN-INS-0342,SRC-EN-INS-0382,jaccard_similarity,0.833,manual_review_required
near_duplicate,SRC-EN-INS-0342,SRC-EN-INS-0392,jaccard_similarity,0.833,manual_review_required
near_duplicate,SRC-EN-INS-0343,SRC-EN-INS-0353,jaccard_similarity,0.833,manual_review_required
near_duplicate,SRC-EN-INS-0343,SRC-EN-INS-0363,jaccard_similarity,0.833,manual_review_required
near_duplicate,SRC-EN-INS-0343,SRC-EN-INS-0373,jaccard_similarity,0.833,manual_review_required
near_duplicate,SRC-EN-INS-0343,SRC-EN-INS-0383,jaccard_similarity,0.833,manual_review_required
near_duplicate,SRC-EN-INS-0343,SRC-EN-INS-0393,jaccard_similarity,0.833,manual_review_required
near_duplicate,SRC-EN-INS-0344,SRC-EN-INS-0354,jaccard_similarity,0.846,manual_review_required
near_duplicate,SRC-EN-INS-0344,SRC-EN-INS-0364,jaccard_similarity,0.846,manual_review_required
near_duplicate,SRC-EN-INS-0344,SRC-EN-INS-0374,jaccard_similarity,0.846,manual_review_required
near_duplicate,SRC-EN-INS-0344,SRC-EN-INS-0384,jaccard_similarity,0.846,manual_review_required
near_duplicate,SRC-EN-INS-0344,SRC-EN-INS-0394,jaccard_similarity,0.846,manual_review_required
near_duplicate,SRC-EN-VOC-0120,SRC-EN-VOC-0123,jaccard_similarity,0.75,manual_review_required
near_duplicate,SRC-EN-VOC-0120,SRC-EN-VOC-0126,jaccard_similarity,0.75,manual_review_required
near_duplicate,SRC-EN-VOC-0120,SRC-EN-VOC-0134,jaccard_similarity,0.75,manual_review_required
near_duplicate,SRC-EN-VOC-0121,SRC-EN-VOC-0127,jaccard_similarity,0.75,manual_review_required
near_duplicate,SRC-EN-VOC-0122,SRC-EN-VOC-0123,jaccard_similarity,0.75,manual_review_required
near_duplicate,SRC-EN-VOC-0122,SRC-EN-VOC-0127,jaccard_similarity,0.75,manual_review_required
near_duplicate,SRC-EN-VOC-0122,SRC-EN-VOC-0134,jaccard_similarity,0.75,manual_review_required
near_duplicate,SRC-EN-VOC-0123,SRC-EN-VOC-0128,jaccard_similarity,0.75,manual_review_required
near_duplicate,SRC-EN-VOC-0123,SRC-EN-VOC-0131,jaccard_similarity,0.75,manual_review_required
near_duplicate,SRC-EN-VOC-0123,SRC-EN-VOC-0134,jaccard_similarity,0.75,manual_review_required
near_duplicate,SRC-EN-VOC-0127,SRC-EN-VOC-0134,jaccard_similarity,0.75,manual_review_required
near_duplicate,SRC-EN-VOC-0128,SRC-EN-VOC-0131,jaccard_similarity,0.75,manual_review_required
near_duplicate,SRC-EN-VOC-0128,SRC-EN-VOC-0132,jaccard_similarity,0.75,manual_review_required
near_duplicate,SRC-EN-VOC-0128,SRC-EN-VOC-0133,jaccard_similarity,0.75,manual_review_required
near_duplicate,SRC-EN-VOC-0129,SRC-EN-VOC-0131,jaccard_similarity,0.75,manual_review_required
near_duplicate,SRC-EN-VOC-0130,SRC-EN-VOC-0133,jaccard_similarity,0.75,manual_review_required
near_duplicate,SRC-EN-VOC-0131,SRC-EN-VOC-0133,jaccard_similarity,0.75,manual_review_required
near_duplicate,SRC-EN-GRA-0195,SRC-EN-GRA-0196,jaccard_similarity,0.818,manual_review_required
near_duplicate,SRC-EN-GRA-0195,SRC-EN-GRA-0198,jaccard_similarity,0.818,manual_review_required
near_duplicate,SRC-EN-GRA-0195,SRC-EN-GRA-0199,jaccard_similarity,0.818,manual_review_required
near_duplicate,SRC-EN-GRA-0195,SRC-EN-GRA-0200,jaccard_similarity,0.818,manual_review_required
near_duplicate,SRC-EN-GRA-0195,SRC-EN-GRA-0201,jaccard_similarity,0.818,manual_review_required
near_duplicate,SRC-EN-GRA-0195,SRC-EN-GRA-0202,jaccard_similarity,0.818,manual_review_required
near_duplicate,SRC-EN-GRA-0195,SRC-EN-GRA-0203,jaccard_similarity,0.818,manual_review_required
near_duplicate,SRC-EN-GRA-0195,SRC-EN-GRA-0204,jaccard_similarity,0.818,manual_review_required
near_duplicate,SRC-EN-GRA-0196,SRC-EN-GRA-0198,jaccard_similarity,0.818,manual_review_required
near_duplicate,SRC-EN-GRA-0196,SRC-EN-GRA-0199,jaccard_similarity,0.818,manual_review_required
near_duplicate,SRC-EN-GRA-0196,SRC-EN-GRA-0200,jaccard_similarity,0.818,manual_review_required
near_duplicate,SRC-EN-GRA-0196,SRC-EN-GRA-0201,jaccard_similarity,0.818,manual_review_required
near_duplicate,SRC-EN-GRA-0196,SRC-EN-GRA-0202,jaccard_similarity,0.818,manual_review_required
near_duplicate,SRC-EN-GRA-0196,SRC-EN-GRA-0203,jaccard_similarity,0.818,manual_review_required
near_duplicate,SRC-EN-GRA-0196,SRC-EN-GRA-0204,jaccard_similarity,0.818,manual_review_required
near_duplicate,SRC-EN-GRA-0198,SRC-EN-GRA-0199,jaccard_similarity,0.818,manual_review_required
near_duplicate,SRC-EN-GRA-0198,SRC-EN-GRA-0200,jaccard_similarity,0.818,manual_review_required
near_duplicate,SRC-EN-GRA-0198,SRC-EN-GRA-0201,jaccard_similarity,0.818,manual_review_required
near_duplicate,SRC-EN-GRA-0198,SRC-EN-GRA-0202,jaccard_similarity,0.818,manual_review_required
near_duplicate,SRC-EN-GRA-0198,SRC-EN-GRA-0203,jaccard_similarity,0.818,manual_review_required
near_duplicate,SRC-EN-GRA-0198,SRC-EN-GRA-0204,jaccard_similarity,0.818,manual_review_required
near_duplicate,SRC-EN-GRA-0199,SRC-EN-GRA-0200,jaccard_similarity,0.818,manual_review_required
near_duplicate,SRC-EN-GRA-0199,SRC-EN-GRA-0201,jaccard_similarity,0.818,manual_review_required
near_duplicate,SRC-EN-GRA-0199,SRC-EN-GRA-0202,jaccard_similarity,0.818,manual_review_required
near_duplicate,SRC-EN-GRA-0199,SRC-EN-GRA-0203,jaccard_similarity,0.818,manual_review_required
near_duplicate,SRC-EN-GRA-0199,SRC-EN-GRA-0204,jaccard_similarity,0.818,manual_review_required
near_duplicate,SRC-EN-GRA-0200,SRC-EN-GRA-0201,jaccard_similarity,0.818,manual_review_required
near_duplicate,SRC-EN-GRA-0200,SRC-EN-GRA-0202,jaccard_similarity,0.818,manual_review_required
near_duplicate,SRC-EN-GRA-0200,SRC-EN-GRA-0203,jaccard_similarity,0.818,manual_review_required
near_duplicate,SRC-EN-GRA-0200,SRC-EN-GRA-0204,jaccard_similarity,0.818,manual_review_required
near_duplicate,SRC-EN-GRA-0201,SRC-EN-GRA-0202,jaccard_similarity,0.818,manual_review_required
near_duplicate,SRC-EN-GRA-0201,SRC-EN-GRA-0203,jaccard_similarity,0.818,manual_review_required
near_duplicate,SRC-EN-GRA-0201,SRC-EN-GRA-0204,jaccard_similarity,0.818,manual_review_required
near_duplicate,SRC-EN-GRA-0202,SRC-EN-GRA-0203,jaccard_similarity,0.818,manual_review_required
near_duplicate,SRC-EN-GRA-0202,SRC-EN-GRA-0204,jaccard_similarity,0.818,manual_review_required
near_duplicate,SRC-EN-GRA-0203,SRC-EN-GRA-0204,jaccard_similarity,0.818,manual_review_required
near_duplicate,SRC-EN-GRA-0205,SRC-EN-GRA-0213,jaccard_similarity,0.75,manual_review_required
near_duplicate,SRC-EN-GRA-0205,SRC-EN-GRA-0215,jaccard_similarity,0.75,manual_review_required
near_duplicate,SRC-EN-GRA-0206,SRC-EN-GRA-0207,jaccard_similarity,0.75,manual_review_required
near_duplicate,SRC-EN-GRA-0206,SRC-EN-GRA-0208,jaccard_similarity,0.75,manual_review_required
near_duplicate,SRC-EN-GRA-0206,SRC-EN-GRA-0210,jaccard_similarity,0.75,manual_review_required
near_duplicate,SRC-EN-GRA-0206,SRC-EN-GRA-0211,jaccard_similarity,0.75,manual_review_required
near_duplicate,SRC-EN-GRA-0206,SRC-EN-GRA-0212,jaccard_similarity,0.75,manual_review_required
near_duplicate,SRC-EN-GRA-0206,SRC-EN-GRA-0213,jaccard_similarity,0.75,manual_review_required
near_duplicate,SRC-EN-GRA-0206,SRC-EN-GRA-0217,jaccard_similarity,0.75,manual_review_required
near_duplicate,SRC-EN-GRA-0206,SRC-EN-GRA-0218,jaccard_similarity,0.75,manual_review_required
near_duplicate,SRC-EN-GRA-0206,SRC-EN-GRA-0219,jaccard_similarity,0.75,manual_review_required
near_duplicate,SRC-EN-GRA-0207,SRC-EN-GRA-0208,jaccard_similarity,0.75,manual_review_required
near_duplicate,SRC-EN-GRA-0207,SRC-EN-GRA-0210,jaccard_similarity,0.75,manual_review_required
near_duplicate,SRC-EN-GRA-0207,SRC-EN-GRA-0211,jaccard_similarity,0.75,manual_review_required
near_duplicate,SRC-EN-GRA-0207,SRC-EN-GRA-0212,jaccard_similarity,0.75,manual_review_required
near_duplicate,SRC-EN-GRA-0207,SRC-EN-GRA-0213,jaccard_similarity,0.75,manual_review_required
near_duplicate,SRC-EN-GRA-0207,SRC-EN-GRA-0214,jaccard_similarity,0.75,manual_review_required
near_duplicate,SRC-EN-GRA-0207,SRC-EN-GRA-0218,jaccard_similarity,0.75,manual_review_required
near_duplicate,SRC-EN-GRA-0207,SRC-EN-GRA-0219,jaccard_similarity,0.75,manual_review_required
near_duplicate,SRC-EN-GRA-0208,SRC-EN-GRA-0209,jaccard_similarity,0.75,manual_review_required
near_duplicate,SRC-EN-GRA-0208,SRC-EN-GRA-0210,jaccard_similarity,0.75,manual_review_required
near_duplicate,SRC-EN-GRA-0208,SRC-EN-GRA-0211,jaccard_similarity,0.75,manual_review_required
near_duplicate,SRC-EN-GRA-0208,SRC-EN-GRA-0212,jaccard_similarity,0.75,manual_review_required
near_duplicate,SRC-EN-GRA-0208,SRC-EN-GRA-0214,jaccard_similarity,0.75,manual_review_required
near_duplicate,SRC-EN-GRA-0208,SRC-EN-GRA-0216,jaccard_similarity,0.75,manual_review_required
near_duplicate,SRC-EN-GRA-0208,SRC-EN-GRA-0218,jaccard_similarity,0.75,manual_review_required
near_duplicate,SRC-EN-GRA-0208,SRC-EN-GRA-0219,jaccard_similarity,0.75,manual_review_required
near_duplicate,SRC-EN-GRA-0209,SRC-EN-GRA-0210,jaccard_similarity,0.75,manual_review_required
near_duplicate,SRC-EN-GRA-0209,SRC-EN-GRA-0212,jaccard_similarity,0.75,manual_review_required
near_duplicate,SRC-EN-GRA-0209,SRC-EN-GRA-0216,jaccard_similarity,0.75,manual_review_required
near_duplicate,SRC-EN-GRA-0209,SRC-EN-GRA-0217,jaccard_similarity,0.75,manual_review_required
near_duplicate,SRC-EN-GRA-0209,SRC-EN-GRA-0218,jaccard_similarity,0.75,manual_review_required
near_duplicate,SRC-EN-GRA-0209,SRC-EN-GRA-0219,jaccard_similarity,0.75,manual_review_required
near_duplicate,SRC-EN-COM-0270,SRC-EN-COM-0280,jaccard_similarity,0.857,manual_review_required
near_duplicate,SRC-EN-COM-0270,SRC-EN-COM-0290,jaccard_similarity,0.857,manual_review_required
near_duplicate,SRC-EN-COM-0270,SRC-EN-COM-0300,jaccard_similarity,0.857,manual_review_required
near_duplicate,SRC-EN-COM-0270,SRC-EN-COM-0310,jaccard_similarity,0.857,manual_review_required
near_duplicate,SRC-EN-COM-0270,SRC-EN-COM-0320,jaccard_similarity,0.857,manual_review_required
near_duplicate,SRC-EN-COM-0271,SRC-EN-COM-0281,jaccard_similarity,0.857,manual_review_required
near_duplicate,SRC-EN-COM-0271,SRC-EN-COM-0291,jaccard_similarity,0.857,manual_review_required
near_duplicate,SRC-EN-COM-0271,SRC-EN-COM-0301,jaccard_similarity,0.857,manual_review_required
near_duplicate,SRC-EN-COM-0271,SRC-EN-COM-0311,jaccard_similarity,0.857,manual_review_required
near_duplicate,SRC-EN-COM-0271,SRC-EN-COM-0321,jaccard_similarity,0.857,manual_review_required
near_duplicate,SRC-EN-COM-0272,SRC-EN-COM-0282,jaccard_similarity,0.857,manual_review_required
near_duplicate,SRC-EN-COM-0272,SRC-EN-COM-0292,jaccard_similarity,0.857,manual_review_required
near_duplicate,SRC-EN-COM-0272,SRC-EN-COM-0302,jaccard_similarity,0.857,manual_review_required
near_duplicate,SRC-EN-COM-0272,SRC-EN-COM-0312,jaccard_similarity,0.857,manual_review_required
near_duplicate,SRC-EN-COM-0272,SRC-EN-COM-0322,jaccard_similarity,0.857,manual_review_required
near_duplicate,SRC-EN-COM-0273,SRC-EN-COM-0283,jaccard_similarity,0.846,manual_review_required
near_duplicate,SRC-EN-COM-0273,SRC-EN-COM-0293,jaccard_similarity,0.846,manual_review_required
near_duplicate,SRC-EN-COM-0273,SRC-EN-COM-0303,jaccard_similarity,0.846,manual_review_required
near_duplicate,SRC-EN-COM-0273,SRC-EN-COM-0313,jaccard_similarity,0.846,manual_review_required
near_duplicate,SRC-EN-COM-0273,SRC-EN-COM-0323,jaccard_similarity,0.846,manual_review_required
near_duplicate,SRC-EN-COM-0274,SRC-EN-COM-0284,jaccard_similarity,0.882,manual_review_required
near_duplicate,SRC-EN-COM-0274,SRC-EN-COM-0294,jaccard_similarity,0.882,manual_review_required
near_duplicate,SRC-EN-COM-0274,SRC-EN-COM-0304,jaccard_similarity,0.882,manual_review_required
near_duplicate,SRC-EN-COM-0274,SRC-EN-COM-0314,jaccard_similarity,0.882,manual_review_required
near_duplicate,SRC-EN-COM-0274,SRC-EN-COM-0324,jaccard_similarity,0.882,manual_review_required
near_duplicate,SRC-EN-COM-0275,SRC-EN-COM-0285,jaccard_similarity,0.846,manual_review_required
near_duplicate,SRC-EN-COM-0275,SRC-EN-COM-0295,jaccard_similarity,0.846,manual_review_required
near_duplicate,SRC-EN-COM-0275,SRC-EN-COM-0305,jaccard_similarity,0.846,manual_review_required
near_duplicate,SRC-EN-COM-0275,SRC-EN-COM-0315,jaccard_similarity,0.846,manual_review_required
near_duplicate,SRC-EN-COM-0276,SRC-EN-COM-0286,jaccard_similarity,0.875,manual_review_required
near_duplicate,SRC-EN-COM-0276,SRC-EN-COM-0296,jaccard_similarity,0.875,manual_review_required
near_duplicate,SRC-EN-COM-0276,SRC-EN-COM-0306,jaccard_similarity,0.875,manual_review_required
near_duplicate,SRC-EN-COM-0276,SRC-EN-COM-0316,jaccard_similarity,0.875,manual_review_required
near_duplicate,SRC-EN-COM-0277,SRC-EN-COM-0287,jaccard_similarity,0.875,manual_review_required
near_duplicate,SRC-EN-COM-0277,SRC-EN-COM-0297,jaccard_similarity,0.875,manual_review_required
near_duplicate,SRC-EN-COM-0277,SRC-EN-COM-0307,jaccard_similarity,0.875,manual_review_required
near_duplicate,SRC-EN-COM-0277,SRC-EN-COM-0317,jaccard_similarity,0.875,manual_review_required
near_duplicate,SRC-EN-COM-0278,SRC-EN-COM-0288,jaccard_similarity,0.857,manual_review_required
near_duplicate,SRC-EN-COM-0278,SRC-EN-COM-0298,jaccard_similarity,0.857,manual_review_required
near_duplicate,SRC-EN-COM-0278,SRC-EN-COM-0308,jaccard_similarity,0.857,manual_review_required
near_duplicate,SRC-EN-COM-0278,SRC-EN-COM-0318,jaccard_similarity,0.857,manual_review_required
near_duplicate,SRC-EN-COM-0279,SRC-EN-COM-0289,jaccard_similarity,0.857,manual_review_required
near_duplicate,SRC-EN-COM-0279,SRC-EN-COM-0299,jaccard_similarity,0.857,manual_review_required
near_duplicate,SRC-EN-COM-0279,SRC-EN-COM-0309,jaccard_similarity,0.857,manual_review_required
near_duplicate,SRC-EN-COM-0279,SRC-EN-COM-0319,jaccard_similarity,0.857,manual_review_required
near_duplicate,SRC-EN-INS-0345,SRC-EN-INS-0355,jaccard_similarity,0.857,manual_review_required
near_duplicate,SRC-EN-INS-0345,SRC-EN-INS-0365,jaccard_similarity,0.857,manual_review_required
near_duplicate,SRC-EN-INS-0345,SRC-EN-INS-0375,jaccard_similarity,0.857,manual_review_required
near_duplicate,SRC-EN-INS-0345,SRC-EN-INS-0385,jaccard_similarity,0.857,manual_review_required
near_duplicate,SRC-EN-INS-0345,SRC-EN-INS-0395,jaccard_similarity,0.857,manual_review_required
near_duplicate,SRC-EN-INS-0346,SRC-EN-INS-0356,jaccard_similarity,0.833,manual_review_required
near_duplicate,SRC-EN-INS-0346,SRC-EN-INS-0366,jaccard_similarity,0.833,manual_review_required
near_duplicate,SRC-EN-INS-0346,SRC-EN-INS-0376,jaccard_similarity,0.833,manual_review_required
near_duplicate,SRC-EN-INS-0346,SRC-EN-INS-0386,jaccard_similarity,0.833,manual_review_required
near_duplicate,SRC-EN-INS-0346,SRC-EN-INS-0396,jaccard_similarity,0.833,manual_review_required
near_duplicate,SRC-EN-INS-0347,SRC-EN-INS-0357,jaccard_similarity,0.818,manual_review_required
near_duplicate,SRC-EN-INS-0347,SRC-EN-INS-0367,jaccard_similarity,0.818,manual_review_required
near_duplicate,SRC-EN-INS-0347,SRC-EN-INS-0377,jaccard_similarity,0.818,manual_review_required
near_duplicate,SRC-EN-INS-0347,SRC-EN-INS-0387,jaccard_similarity,0.818,manual_review_required
near_duplicate,SRC-EN-INS-0347,SRC-EN-INS-0397,jaccard_similarity,0.818,manual_review_required
near_duplicate,SRC-EN-INS-0348,SRC-EN-INS-0358,jaccard_similarity,0.833,manual_review_required
near_duplicate,SRC-EN-INS-0348,SRC-EN-INS-0368,jaccard_similarity,0.833,manual_review_required
near_duplicate,SRC-EN-INS-0348,SRC-EN-INS-0378,jaccard_similarity,0.833,manual_review_required
near_duplicate,SRC-EN-INS-0348,SRC-EN-INS-0388,jaccard_similarity,0.833,manual_review_required
near_duplicate,SRC-EN-INS-0348,SRC-EN-INS-0398,jaccard_similarity,0.833,manual_review_required
near_duplicate,SRC-EN-INS-0349,SRC-EN-INS-0359,jaccard_similarity,0.818,manual_review_required
near_duplicate,SRC-EN-INS-0349,SRC-EN-INS-0369,jaccard_similarity,0.818,manual_review_required
near_duplicate,SRC-EN-INS-0349,SRC-EN-INS-0379,jaccard_similarity,0.818,manual_review_required
near_duplicate,SRC-EN-INS-0349,SRC-EN-INS-0389,jaccard_similarity,0.818,manual_review_required
near_duplicate,SRC-EN-INS-0349,SRC-EN-INS-0399,jaccard_similarity,0.818,manual_review_required
near_duplicate,SRC-EN-INS-0350,SRC-EN-INS-0360,jaccard_similarity,0.857,manual_review_required
near_duplicate,SRC-EN-INS-0350,SRC-EN-INS-0370,jaccard_similarity,0.857,manual_review_required
near_duplicate,SRC-EN-INS-0350,SRC-EN-INS-0380,jaccard_similarity,0.857,manual_review_required
near_duplicate,SRC-EN-INS-0350,SRC-EN-INS-0390,jaccard_similarity,0.857,manual_review_required
near_duplicate,SRC-EN-INS-0351,SRC-EN-INS-0361,jaccard_similarity,0.857,manual_review_required
near_duplicate,SRC-EN-INS-0351,SRC-EN-INS-0371,jaccard_similarity,0.857,manual_review_required
near_duplicate,SRC-EN-INS-0351,SRC-EN-INS-0381,jaccard_similarity,0.857,manual_review_required
near_duplicate,SRC-EN-INS-0351,SRC-EN-INS-0391,jaccard_similarity,0.857,manual_review_required
near_duplicate,SRC-EN-INS-0352,SRC-EN-INS-0362,jaccard_similarity,0.833,manual_review_required
near_duplicate,SRC-EN-INS-0352,SRC-EN-INS-0372,jaccard_similarity,0.833,manual_review_required
near_duplicate,SRC-EN-INS-0352,SRC-EN-INS-0382,jaccard_similarity,0.833,manual_review_required
near_duplicate,SRC-EN-INS-0352,SRC-EN-INS-0392,jaccard_similarity,0.833,manual_review_required
near_duplicate,SRC-EN-INS-0353,SRC-EN-INS-0363,jaccard_similarity,0.833,manual_review_required
near_duplicate,SRC-EN-INS-0353,SRC-EN-INS-0373,jaccard_similarity,0.833,manual_review_required
near_duplicate,SRC-EN-INS-0353,SRC-EN-INS-0383,jaccard_similarity,0.833,manual_review_required
near_duplicate,SRC-EN-INS-0353,SRC-EN-INS-0393,jaccard_similarity,0.833,manual_review_required
near_duplicate,SRC-EN-INS-0354,SRC-EN-INS-0364,jaccard_similarity,0.846,manual_review_required
near_duplicate,SRC-EN-INS-0354,SRC-EN-INS-0374,jaccard_similarity,0.846,manual_review_required
near_duplicate,SRC-EN-INS-0354,SRC-EN-INS-0384,jaccard_similarity,0.846,manual_review_required
near_duplicate,SRC-EN-INS-0354,SRC-EN-INS-0394,jaccard_similarity,0.846,manual_review_required
near_duplicate,SRC-EN-VOC-0135,SRC-EN-VOC-0136,jaccard_similarity,0.778,manual_review_required
near_duplicate,SRC-EN-VOC-0135,SRC-EN-VOC-0137,jaccard_similarity,0.778,manual_review_required
near_duplicate,SRC-EN-VOC-0135,SRC-EN-VOC-0138,jaccard_similarity,0.778,manual_review_required
near_duplicate,SRC-EN-VOC-0135,SRC-EN-VOC-0139,jaccard_similarity,0.778,manual_review_required
near_duplicate,SRC-EN-VOC-0135,SRC-EN-VOC-0140,jaccard_similarity,0.778,manual_review_required
near_duplicate,SRC-EN-VOC-0135,SRC-EN-VOC-0141,jaccard_similarity,0.778,manual_review_required
near_duplicate,SRC-EN-VOC-0135,SRC-EN-VOC-0142,jaccard_similarity,0.778,manual_review_required
near_duplicate,SRC-EN-VOC-0135,SRC-EN-VOC-0143,jaccard_similarity,0.778,manual_review_required
near_duplicate,SRC-EN-VOC-0135,SRC-EN-VOC-0144,jaccard_similarity,0.778,manual_review_required
near_duplicate,SRC-EN-VOC-0136,SRC-EN-VOC-0137,jaccard_similarity,0.778,manual_review_required
near_duplicate,SRC-EN-VOC-0136,SRC-EN-VOC-0138,jaccard_similarity,0.778,manual_review_required
near_duplicate,SRC-EN-VOC-0136,SRC-EN-VOC-0139,jaccard_similarity,0.778,manual_review_required
near_duplicate,SRC-EN-VOC-0136,SRC-EN-VOC-0140,jaccard_similarity,0.778,manual_review_required
near_duplicate,SRC-EN-VOC-0136,SRC-EN-VOC-0141,jaccard_similarity,0.778,manual_review_required
near_duplicate,SRC-EN-VOC-0136,SRC-EN-VOC-0142,jaccard_similarity,0.778,manual_review_required
near_duplicate,SRC-EN-VOC-0136,SRC-EN-VOC-0143,jaccard_similarity,0.778,manual_review_required
near_duplicate,SRC-EN-VOC-0136,SRC-EN-VOC-0144,jaccard_similarity,0.778,manual_review_required
near_duplicate,SRC-EN-VOC-0137,SRC-EN-VOC-0138,jaccard_similarity,0.778,manual_review_required
near_duplicate,SRC-EN-VOC-0137,SRC-EN-VOC-0139,jaccard_similarity,0.778,manual_review_required
near_duplicate,SRC-EN-VOC-0137,SRC-EN-VOC-0140,jaccard_similarity,0.778,manual_review_required
near_duplicate,SRC-EN-VOC-0137,SRC-EN-VOC-0141,jaccard_similarity,0.778,manual_review_required
near_duplicate,SRC-EN-VOC-0137,SRC-EN-VOC-0142,jaccard_similarity,0.778,manual_review_required
near_duplicate,SRC-EN-VOC-0137,SRC-EN-VOC-0143,jaccard_similarity,0.778,manual_review_required
near_duplicate,SRC-EN-VOC-0137,SRC-EN-VOC-0144,jaccard_similarity,0.778,manual_review_required
near_duplicate,SRC-EN-VOC-0138,SRC-EN-VOC-0139,jaccard_similarity,0.778,manual_review_required
near_duplicate,SRC-EN-VOC-0138,SRC-EN-VOC-0140,jaccard_similarity,0.778,manual_review_required
near_duplicate,SRC-EN-VOC-0138,SRC-EN-VOC-0141,jaccard_similarity,0.778,manual_review_required
near_duplicate,SRC-EN-VOC-0138,SRC-EN-VOC-0142,jaccard_similarity,0.778,manual_review_required
near_duplicate,SRC-EN-VOC-0138,SRC-EN-VOC-0143,jaccard_similarity,0.778,manual_review_required
near_duplicate,SRC-EN-VOC-0138,SRC-EN-VOC-0144,jaccard_similarity,0.778,manual_review_required
near_duplicate,SRC-EN-VOC-0139,SRC-EN-VOC-0140,jaccard_similarity,0.778,manual_review_required
near_duplicate,SRC-EN-VOC-0139,SRC-EN-VOC-0141,jaccard_similarity,0.778,manual_review_required
near_duplicate,SRC-EN-VOC-0139,SRC-EN-VOC-0142,jaccard_similarity,0.778,manual_review_required
near_duplicate,SRC-EN-VOC-0139,SRC-EN-VOC-0143,jaccard_similarity,0.778,manual_review_required
near_duplicate,SRC-EN-VOC-0139,SRC-EN-VOC-0144,jaccard_similarity,0.778,manual_review_required
near_duplicate,SRC-EN-VOC-0140,SRC-EN-VOC-0141,jaccard_similarity,0.778,manual_review_required
near_duplicate,SRC-EN-VOC-0140,SRC-EN-VOC-0142,jaccard_similarity,0.778,manual_review_required
near_duplicate,SRC-EN-VOC-0140,SRC-EN-VOC-0143,jaccard_similarity,0.778,manual_review_required
near_duplicate,SRC-EN-VOC-0140,SRC-EN-VOC-0144,jaccard_similarity,0.778,manual_review_required
near_duplicate,SRC-EN-VOC-0141,SRC-EN-VOC-0142,jaccard_similarity,0.778,manual_review_required
near_duplicate,SRC-EN-VOC-0141,SRC-EN-VOC-0143,jaccard_similarity,0.778,manual_review_required
near_duplicate,SRC-EN-VOC-0141,SRC-EN-VOC-0144,jaccard_similarity,0.778,manual_review_required
near_duplicate,SRC-EN-VOC-0142,SRC-EN-VOC-0143,jaccard_similarity,0.778,manual_review_required
near_duplicate,SRC-EN-VOC-0142,SRC-EN-VOC-0144,jaccard_similarity,0.778,manual_review_required
near_duplicate,SRC-EN-VOC-0143,SRC-EN-VOC-0144,jaccard_similarity,0.778,manual_review_required
near_duplicate,SRC-EN-GRA-0210,SRC-EN-GRA-0211,jaccard_similarity,0.75,manual_review_required
near_duplicate,SRC-EN-GRA-0210,SRC-EN-GRA-0212,jaccard_similarity,0.75,manual_review_required
near_duplicate,SRC-EN-GRA-0210,SRC-EN-GRA-0213,jaccard_similarity,0.75,manual_review_required
near_duplicate,SRC-EN-GRA-0210,SRC-EN-GRA-0214,jaccard_similarity,0.75,manual_review_required
near_duplicate,SRC-EN-GRA-0210,SRC-EN-GRA-0216,jaccard_similarity,0.75,manual_review_required
near_duplicate,SRC-EN-GRA-0210,SRC-EN-GRA-0218,jaccard_similarity,0.75,manual_review_required
near_duplicate,SRC-EN-GRA-0210,SRC-EN-GRA-0219,jaccard_similarity,0.75,manual_review_required
near_duplicate,SRC-EN-GRA-0211,SRC-EN-GRA-0212,jaccard_similarity,0.75,manual_review_required
near_duplicate,SRC-EN-GRA-0211,SRC-EN-GRA-0213,jaccard_similarity,0.75,manual_review_required
near_duplicate,SRC-EN-GRA-0211,SRC-EN-GRA-0215,jaccard_similarity,0.75,manual_review_required
near_duplicate,SRC-EN-GRA-0211,SRC-EN-GRA-0217,jaccard_similarity,0.75,manual_review_required
near_duplicate,SRC-EN-GRA-0211,SRC-EN-GRA-0218,jaccard_similarity,0.75,manual_review_required
near_duplicate,SRC-EN-GRA-0211,SRC-EN-GRA-0219,jaccard_similarity,0.75,manual_review_required
near_duplicate,SRC-EN-GRA-0212,SRC-EN-GRA-0213,jaccard_similarity,0.75,manual_review_required
near_duplicate,SRC-EN-GRA-0212,SRC-EN-GRA-0214,jaccard_similarity,0.75,manual_review_required
near_duplicate,SRC-EN-GRA-0212,SRC-EN-GRA-0216,jaccard_similarity,0.75,manual_review_required
near_duplicate,SRC-EN-GRA-0212,SRC-EN-GRA-0217,jaccard_similarity,0.75,manual_review_required
near_duplicate,SRC-EN-GRA-0212,SRC-EN-GRA-0218,jaccard_similarity,0.75,manual_review_required
near_duplicate,SRC-EN-GRA-0212,SRC-EN-GRA-0219,jaccard_similarity,0.75,manual_review_required
near_duplicate,SRC-EN-GRA-0213,SRC-EN-GRA-0217,jaccard_similarity,0.75,manual_review_required
near_duplicate,SRC-EN-GRA-0214,SRC-EN-GRA-0218,jaccard_similarity,0.75,manual_review_required
near_duplicate,SRC-EN-GRA-0214,SRC-EN-GRA-0219,jaccard_similarity,0.75,manual_review_required
near_duplicate,SRC-EN-GRA-0216,SRC-EN-GRA-0217,jaccard_similarity,0.75,manual_review_required
near_duplicate,SRC-EN-GRA-0216,SRC-EN-GRA-0218,jaccard_similarity,0.75,manual_review_required
near_duplicate,SRC-EN-GRA-0216,SRC-EN-GRA-0219,jaccard_similarity,0.75,manual_review_required
near_duplicate,SRC-EN-GRA-0217,SRC-EN-GRA-0218,jaccard_similarity,0.75,manual_review_required
near_duplicate,SRC-EN-GRA-0217,SRC-EN-GRA-0219,jaccard_similarity,0.75,manual_review_required
near_duplicate,SRC-EN-GRA-0218,SRC-EN-GRA-0219,jaccard_similarity,0.75,manual_review_required
near_duplicate,SRC-EN-GRA-0220,SRC-EN-GRA-0233,jaccard_similarity,0.75,manual_review_required
near_duplicate,SRC-EN-GRA-0221,SRC-EN-GRA-0226,jaccard_similarity,0.75,manual_review_required
near_duplicate,SRC-EN-GRA-0221,SRC-EN-GRA-0228,jaccard_similarity,0.75,manual_review_required
near_duplicate,SRC-EN-GRA-0221,SRC-EN-GRA-0230,jaccard_similarity,0.75,manual_review_required
near_duplicate,SRC-EN-GRA-0222,SRC-EN-GRA-0223,jaccard_similarity,0.75,manual_review_required
near_duplicate,SRC-EN-GRA-0222,SRC-EN-GRA-0224,jaccard_similarity,0.75,manual_review_required
near_duplicate,SRC-EN-GRA-0222,SRC-EN-GRA-0225,jaccard_similarity,0.75,manual_review_required
near_duplicate,SRC-EN-GRA-0222,SRC-EN-GRA-0234,jaccard_similarity,0.75,manual_review_required
near_duplicate,SRC-EN-COM-0280,SRC-EN-COM-0290,jaccard_similarity,0.857,manual_review_required
near_duplicate,SRC-EN-COM-0280,SRC-EN-COM-0300,jaccard_similarity,0.857,manual_review_required
near_duplicate,SRC-EN-COM-0280,SRC-EN-COM-0310,jaccard_similarity,0.857,manual_review_required
near_duplicate,SRC-EN-COM-0280,SRC-EN-COM-0320,jaccard_similarity,0.857,manual_review_required
near_duplicate,SRC-EN-COM-0281,SRC-EN-COM-0291,jaccard_similarity,0.857,manual_review_required
near_duplicate,SRC-EN-COM-0281,SRC-EN-COM-0301,jaccard_similarity,0.857,manual_review_required
near_duplicate,SRC-EN-COM-0281,SRC-EN-COM-0311,jaccard_similarity,0.857,manual_review_required
near_duplicate,SRC-EN-COM-0281,SRC-EN-COM-0321,jaccard_similarity,0.857,manual_review_required
near_duplicate,SRC-EN-COM-0282,SRC-EN-COM-0292,jaccard_similarity,0.857,manual_review_required
near_duplicate,SRC-EN-COM-0282,SRC-EN-COM-0302,jaccard_similarity,0.857,manual_review_required
near_duplicate,SRC-EN-COM-0282,SRC-EN-COM-0312,jaccard_similarity,0.857,manual_review_required
near_duplicate,SRC-EN-COM-0282,SRC-EN-COM-0322,jaccard_similarity,0.857,manual_review_required
near_duplicate,SRC-EN-COM-0283,SRC-EN-COM-0293,jaccard_similarity,0.846,manual_review_required
near_duplicate,SRC-EN-COM-0283,SRC-EN-COM-0303,jaccard_similarity,0.846,manual_review_required
near_duplicate,SRC-EN-COM-0283,SRC-EN-COM-0313,jaccard_similarity,0.846,manual_review_required
near_duplicate,SRC-EN-COM-0283,SRC-EN-COM-0323,jaccard_similarity,0.846,manual_review_required
near_duplicate,SRC-EN-COM-0284,SRC-EN-COM-0294,jaccard_similarity,0.882,manual_review_required
near_duplicate,SRC-EN-COM-0284,SRC-EN-COM-0304,jaccard_similarity,0.882,manual_review_required
near_duplicate,SRC-EN-COM-0284,SRC-EN-COM-0314,jaccard_similarity,0.882,manual_review_required
near_duplicate,SRC-EN-COM-0284,SRC-EN-COM-0324,jaccard_similarity,0.882,manual_review_required
near_duplicate,SRC-EN-COM-0285,SRC-EN-COM-0295,jaccard_similarity,0.846,manual_review_required
near_duplicate,SRC-EN-COM-0285,SRC-EN-COM-0305,jaccard_similarity,0.846,manual_review_required
near_duplicate,SRC-EN-COM-0285,SRC-EN-COM-0315,jaccard_similarity,0.846,manual_review_required
near_duplicate,SRC-EN-COM-0286,SRC-EN-COM-0296,jaccard_similarity,0.875,manual_review_required
near_duplicate,SRC-EN-COM-0286,SRC-EN-COM-0306,jaccard_similarity,0.875,manual_review_required
near_duplicate,SRC-EN-COM-0286,SRC-EN-COM-0316,jaccard_similarity,0.875,manual_review_required
near_duplicate,SRC-EN-COM-0287,SRC-EN-COM-0297,jaccard_similarity,0.875,manual_review_required
near_duplicate,SRC-EN-COM-0287,SRC-EN-COM-0307,jaccard_similarity,0.875,manual_review_required
near_duplicate,SRC-EN-COM-0287,SRC-EN-COM-0317,jaccard_similarity,0.875,manual_review_required
near_duplicate,SRC-EN-COM-0288,SRC-EN-COM-0298,jaccard_similarity,0.857,manual_review_required
near_duplicate,SRC-EN-COM-0288,SRC-EN-COM-0308,jaccard_similarity,0.857,manual_review_required
near_duplicate,SRC-EN-COM-0288,SRC-EN-COM-0318,jaccard_similarity,0.857,manual_review_required
near_duplicate,SRC-EN-COM-0289,SRC-EN-COM-0299,jaccard_similarity,0.857,manual_review_required
near_duplicate,SRC-EN-COM-0289,SRC-EN-COM-0309,jaccard_similarity,0.857,manual_review_required
near_duplicate,SRC-EN-COM-0289,SRC-EN-COM-0319,jaccard_similarity,0.857,manual_review_required
near_duplicate,SRC-EN-INS-0355,SRC-EN-INS-0365,jaccard_similarity,0.857,manual_review_required
near_duplicate,SRC-EN-INS-0355,SRC-EN-INS-0375,jaccard_similarity,0.857,manual_review_required
near_duplicate,SRC-EN-INS-0355,SRC-EN-INS-0385,jaccard_similarity,0.857,manual_review_required
near_duplicate,SRC-EN-INS-0355,SRC-EN-INS-0395,jaccard_similarity,0.857,manual_review_required
near_duplicate,SRC-EN-INS-0356,SRC-EN-INS-0366,jaccard_similarity,0.833,manual_review_required
near_duplicate,SRC-EN-INS-0356,SRC-EN-INS-0376,jaccard_similarity,0.833,manual_review_required
near_duplicate,SRC-EN-INS-0356,SRC-EN-INS-0386,jaccard_similarity,0.833,manual_review_required
near_duplicate,SRC-EN-INS-0356,SRC-EN-INS-0396,jaccard_similarity,0.833,manual_review_required
near_duplicate,SRC-EN-INS-0357,SRC-EN-INS-0367,jaccard_similarity,0.818,manual_review_required
near_duplicate,SRC-EN-INS-0357,SRC-EN-INS-0377,jaccard_similarity,0.818,manual_review_required
near_duplicate,SRC-EN-INS-0357,SRC-EN-INS-0387,jaccard_similarity,0.818,manual_review_required
near_duplicate,SRC-EN-INS-0357,SRC-EN-INS-0397,jaccard_similarity,0.818,manual_review_required
near_duplicate,SRC-EN-INS-0358,SRC-EN-INS-0368,jaccard_similarity,0.833,manual_review_required
near_duplicate,SRC-EN-INS-0358,SRC-EN-INS-0378,jaccard_similarity,0.833,manual_review_required
near_duplicate,SRC-EN-INS-0358,SRC-EN-INS-0388,jaccard_similarity,0.833,manual_review_required
near_duplicate,SRC-EN-INS-0358,SRC-EN-INS-0398,jaccard_similarity,0.833,manual_review_required
near_duplicate,SRC-EN-INS-0359,SRC-EN-INS-0369,jaccard_similarity,0.818,manual_review_required
near_duplicate,SRC-EN-INS-0359,SRC-EN-INS-0379,jaccard_similarity,0.818,manual_review_required
near_duplicate,SRC-EN-INS-0359,SRC-EN-INS-0389,jaccard_similarity,0.818,manual_review_required
near_duplicate,SRC-EN-INS-0359,SRC-EN-INS-0399,jaccard_similarity,0.818,manual_review_required
near_duplicate,SRC-EN-INS-0360,SRC-EN-INS-0370,jaccard_similarity,0.857,manual_review_required
near_duplicate,SRC-EN-INS-0360,SRC-EN-INS-0380,jaccard_similarity,0.857,manual_review_required
near_duplicate,SRC-EN-INS-0360,SRC-EN-INS-0390,jaccard_similarity,0.857,manual_review_required
near_duplicate,SRC-EN-INS-0361,SRC-EN-INS-0371,jaccard_similarity,0.857,manual_review_required
near_duplicate,SRC-EN-INS-0361,SRC-EN-INS-0381,jaccard_similarity,0.857,manual_review_required
near_duplicate,SRC-EN-INS-0361,SRC-EN-INS-0391,jaccard_similarity,0.857,manual_review_required
near_duplicate,SRC-EN-INS-0362,SRC-EN-INS-0372,jaccard_similarity,0.833,manual_review_required
near_duplicate,SRC-EN-INS-0362,SRC-EN-INS-0382,jaccard_similarity,0.833,manual_review_required
near_duplicate,SRC-EN-INS-0362,SRC-EN-INS-0392,jaccard_similarity,0.833,manual_review_required
near_duplicate,SRC-EN-INS-0363,SRC-EN-INS-0373,jaccard_similarity,0.833,manual_review_required
near_duplicate,SRC-EN-INS-0363,SRC-EN-INS-0383,jaccard_similarity,0.833,manual_review_required
near_duplicate,SRC-EN-INS-0363,SRC-EN-INS-0393,jaccard_similarity,0.833,manual_review_required
near_duplicate,SRC-EN-INS-0364,SRC-EN-INS-0374,jaccard_similarity,0.846,manual_review_required
near_duplicate,SRC-EN-INS-0364,SRC-EN-INS-0384,jaccard_similarity,0.846,manual_review_required
near_duplicate,SRC-EN-INS-0364,SRC-EN-INS-0394,jaccard_similarity,0.846,manual_review_required
near_duplicate,SRC-EN-INS-0365,SRC-EN-INS-0375,jaccard_similarity,0.857,manual_review_required
near_duplicate,SRC-EN-INS-0365,SRC-EN-INS-0385,jaccard_similarity,0.857,manual_review_required
near_duplicate,SRC-EN-INS-0365,SRC-EN-INS-0395,jaccard_similarity,0.857,manual_review_required
near_duplicate,SRC-EN-INS-0366,SRC-EN-INS-0376,jaccard_similarity,0.833,manual_review_required
near_duplicate,SRC-EN-INS-0366,SRC-EN-INS-0386,jaccard_similarity,0.833,manual_review_required
near_duplicate,SRC-EN-INS-0366,SRC-EN-INS-0396,jaccard_similarity,0.833,manual_review_required
near_duplicate,SRC-EN-INS-0367,SRC-EN-INS-0377,jaccard_similarity,0.818,manual_review_required
near_duplicate,SRC-EN-INS-0367,SRC-EN-INS-0387,jaccard_similarity,0.818,manual_review_required
near_duplicate,SRC-EN-INS-0367,SRC-EN-INS-0397,jaccard_similarity,0.818,manual_review_required
near_duplicate,SRC-EN-INS-0368,SRC-EN-INS-0378,jaccard_similarity,0.833,manual_review_required
near_duplicate,SRC-EN-INS-0368,SRC-EN-INS-0388,jaccard_similarity,0.833,manual_review_required
near_duplicate,SRC-EN-INS-0368,SRC-EN-INS-0398,jaccard_similarity,0.833,manual_review_required
near_duplicate,SRC-EN-INS-0369,SRC-EN-INS-0379,jaccard_similarity,0.818,manual_review_required
near_duplicate,SRC-EN-INS-0369,SRC-EN-INS-0389,jaccard_similarity,0.818,manual_review_required
near_duplicate,SRC-EN-INS-0369,SRC-EN-INS-0399,jaccard_similarity,0.818,manual_review_required
near_duplicate,SRC-EN-VOC-0150,SRC-EN-VOC-0159,jaccard_similarity,0.778,manual_review_required
near_duplicate,SRC-EN-VOC-0151,SRC-EN-VOC-0152,jaccard_similarity,0.778,manual_review_required
near_duplicate,SRC-EN-VOC-0151,SRC-EN-VOC-0156,jaccard_similarity,0.778,manual_review_required
near_duplicate,SRC-EN-VOC-0151,SRC-EN-VOC-0159,jaccard_similarity,0.778,manual_review_required
near_duplicate,SRC-EN-VOC-0152,SRC-EN-VOC-0153,jaccard_similarity,0.778,manual_review_required
near_duplicate,SRC-EN-VOC-0152,SRC-EN-VOC-0156,jaccard_similarity,0.778,manual_review_required
near_duplicate,SRC-EN-VOC-0152,SRC-EN-VOC-0157,jaccard_similarity,0.778,manual_review_required
near_duplicate,SRC-EN-VOC-0153,SRC-EN-VOC-0156,jaccard_similarity,0.778,manual_review_required
near_duplicate,SRC-EN-VOC-0153,SRC-EN-VOC-0157,jaccard_similarity,0.778,manual_review_required
near_duplicate,SRC-EN-GRA-0225,SRC-EN-GRA-0228,jaccard_similarity,0.75,manual_review_required
near_duplicate,SRC-EN-GRA-0225,SRC-EN-GRA-0234,jaccard_similarity,0.75,manual_review_required
near_duplicate,SRC-EN-GRA-0226,SRC-EN-GRA-0228,jaccard_similarity,0.75,manual_review_required
near_duplicate,SRC-EN-GRA-0226,SRC-EN-GRA-0230,jaccard_similarity,0.75,manual_review_required
near_duplicate,SRC-EN-GRA-0227,SRC-EN-GRA-0228,jaccard_similarity,0.75,manual_review_required
near_duplicate,SRC-EN-GRA-0228,SRC-EN-GRA-0230,jaccard_similarity,0.75,manual_review_required
near_duplicate,SRC-EN-GRA-0228,SRC-EN-GRA-0234,jaccard_similarity,0.75,manual_review_required
near_duplicate,SRC-EN-GRA-0229,SRC-EN-GRA-0231,jaccard_similarity,0.75,manual_review_required
near_duplicate,SRC-EN-GRA-0229,SRC-EN-GRA-0233,jaccard_similarity,0.75,manual_review_required
near_duplicate,SRC-EN-GRA-0230,SRC-EN-GRA-0234,jaccard_similarity,0.75,manual_review_required
near_duplicate,SRC-EN-COM-0290,SRC-EN-COM-0300,jaccard_similarity,0.857,manual_review_required
near_duplicate,SRC-EN-COM-0290,SRC-EN-COM-0310,jaccard_similarity,0.857,manual_review_required
near_duplicate,SRC-EN-COM-0290,SRC-EN-COM-0320,jaccard_similarity,0.857,manual_review_required
near_duplicate,SRC-EN-COM-0291,SRC-EN-COM-0301,jaccard_similarity,0.857,manual_review_required
near_duplicate,SRC-EN-COM-0291,SRC-EN-COM-0311,jaccard_similarity,0.857,manual_review_required
near_duplicate,SRC-EN-COM-0291,SRC-EN-COM-0321,jaccard_similarity,0.857,manual_review_required
near_duplicate,SRC-EN-COM-0292,SRC-EN-COM-0302,jaccard_similarity,0.857,manual_review_required
near_duplicate,SRC-EN-COM-0292,SRC-EN-COM-0312,jaccard_similarity,0.857,manual_review_required
near_duplicate,SRC-EN-COM-0292,SRC-EN-COM-0322,jaccard_similarity,0.857,manual_review_required
near_duplicate,SRC-EN-COM-0293,SRC-EN-COM-0303,jaccard_similarity,0.846,manual_review_required
near_duplicate,SRC-EN-COM-0293,SRC-EN-COM-0313,jaccard_similarity,0.846,manual_review_required
near_duplicate,SRC-EN-COM-0293,SRC-EN-COM-0323,jaccard_similarity,0.846,manual_review_required
near_duplicate,SRC-EN-COM-0294,SRC-EN-COM-0304,jaccard_similarity,0.882,manual_review_required
near_duplicate,SRC-EN-COM-0294,SRC-EN-COM-0314,jaccard_similarity,0.882,manual_review_required
near_duplicate,SRC-EN-COM-0294,SRC-EN-COM-0324,jaccard_similarity,0.882,manual_review_required
near_duplicate,SRC-EN-COM-0295,SRC-EN-COM-0305,jaccard_similarity,0.846,manual_review_required
near_duplicate,SRC-EN-COM-0295,SRC-EN-COM-0315,jaccard_similarity,0.846,manual_review_required
near_duplicate,SRC-EN-COM-0296,SRC-EN-COM-0306,jaccard_similarity,0.875,manual_review_required
near_duplicate,SRC-EN-COM-0296,SRC-EN-COM-0316,jaccard_similarity,0.875,manual_review_required
near_duplicate,SRC-EN-COM-0297,SRC-EN-COM-0307,jaccard_similarity,0.875,manual_review_required
near_duplicate,SRC-EN-COM-0297,SRC-EN-COM-0317,jaccard_similarity,0.875,manual_review_required
near_duplicate,SRC-EN-COM-0298,SRC-EN-COM-0308,jaccard_similarity,0.857,manual_review_required
near_duplicate,SRC-EN-COM-0298,SRC-EN-COM-0318,jaccard_similarity,0.857,manual_review_required
near_duplicate,SRC-EN-COM-0299,SRC-EN-COM-0309,jaccard_similarity,0.857,manual_review_required
near_duplicate,SRC-EN-COM-0299,SRC-EN-COM-0319,jaccard_similarity,0.857,manual_review_required
near_duplicate,SRC-EN-COM-0300,SRC-EN-COM-0310,jaccard_similarity,0.857,manual_review_required
near_duplicate,SRC-EN-COM-0300,SRC-EN-COM-0320,jaccard_similarity,0.857,manual_review_required
near_duplicate,SRC-EN-COM-0301,SRC-EN-COM-0311,jaccard_similarity,0.857,manual_review_required
near_duplicate,SRC-EN-COM-0301,SRC-EN-COM-0321,jaccard_similarity,0.857,manual_review_required
near_duplicate,SRC-EN-COM-0302,SRC-EN-COM-0312,jaccard_similarity,0.857,manual_review_required
near_duplicate,SRC-EN-COM-0302,SRC-EN-COM-0322,jaccard_similarity,0.857,manual_review_required
near_duplicate,SRC-EN-COM-0303,SRC-EN-COM-0313,jaccard_similarity,0.846,manual_review_required
near_duplicate,SRC-EN-COM-0303,SRC-EN-COM-0323,jaccard_similarity,0.846,manual_review_required
near_duplicate,SRC-EN-COM-0304,SRC-EN-COM-0314,jaccard_similarity,0.882,manual_review_required
near_duplicate,SRC-EN-COM-0304,SRC-EN-COM-0324,jaccard_similarity,0.882,manual_review_required
near_duplicate,SRC-EN-INS-0370,SRC-EN-INS-0380,jaccard_similarity,0.857,manual_review_required
near_duplicate,SRC-EN-INS-0370,SRC-EN-INS-0390,jaccard_similarity,0.857,manual_review_required
near_duplicate,SRC-EN-INS-0371,SRC-EN-INS-0381,jaccard_similarity,0.857,manual_review_required
near_duplicate,SRC-EN-INS-0371,SRC-EN-INS-0391,jaccard_similarity,0.857,manual_review_required
near_duplicate,SRC-EN-INS-0372,SRC-EN-INS-0382,jaccard_similarity,0.833,manual_review_required
near_duplicate,SRC-EN-INS-0372,SRC-EN-INS-0392,jaccard_similarity,0.833,manual_review_required
near_duplicate,SRC-EN-INS-0373,SRC-EN-INS-0383,jaccard_similarity,0.833,manual_review_required
near_duplicate,SRC-EN-INS-0373,SRC-EN-INS-0393,jaccard_similarity,0.833,manual_review_required
near_duplicate,SRC-EN-INS-0374,SRC-EN-INS-0384,jaccard_similarity,0.846,manual_review_required
near_duplicate,SRC-EN-INS-0374,SRC-EN-INS-0394,jaccard_similarity,0.846,manual_review_required
near_duplicate,SRC-EN-INS-0375,SRC-EN-INS-0385,jaccard_similarity,0.857,manual_review_required
near_duplicate,SRC-EN-INS-0375,SRC-EN-INS-0395,jaccard_similarity,0.857,manual_review_required
near_duplicate,SRC-EN-INS-0376,SRC-EN-INS-0386,jaccard_similarity,0.833,manual_review_required
near_duplicate,SRC-EN-INS-0376,SRC-EN-INS-0396,jaccard_similarity,0.833,manual_review_required
near_duplicate,SRC-EN-INS-0377,SRC-EN-INS-0387,jaccard_similarity,0.818,manual_review_required
near_duplicate,SRC-EN-INS-0377,SRC-EN-INS-0397,jaccard_similarity,0.818,manual_review_required
near_duplicate,SRC-EN-INS-0378,SRC-EN-INS-0388,jaccard_similarity,0.833,manual_review_required
near_duplicate,SRC-EN-INS-0378,SRC-EN-INS-0398,jaccard_similarity,0.833,manual_review_required
near_duplicate,SRC-EN-INS-0379,SRC-EN-INS-0389,jaccard_similarity,0.818,manual_review_required
near_duplicate,SRC-EN-INS-0379,SRC-EN-INS-0399,jaccard_similarity,0.818,manual_review_required
near_duplicate,SRC-EN-INS-0380,SRC-EN-INS-0390,jaccard_similarity,0.857,manual_review_required
near_duplicate,SRC-EN-INS-0381,SRC-EN-INS-0391,jaccard_similarity,0.857,manual_review_required
near_duplicate,SRC-EN-INS-0382,SRC-EN-INS-0392,jaccard_similarity,0.833,manual_review_required
near_duplicate,SRC-EN-INS-0383,SRC-EN-INS-0393,jaccard_similarity,0.833,manual_review_required
near_duplicate,SRC-EN-INS-0384,SRC-EN-INS-0394,jaccard_similarity,0.846,manual_review_required
near_duplicate,SRC-EN-VOC-0156,SRC-EN-VOC-0157,jaccard_similarity,0.778,manual_review_required
near_duplicate,SRC-EN-VOC-0156,SRC-EN-VOC-0159,jaccard_similarity,0.778,manual_review_required
near_duplicate,SRC-EN-COM-0305,SRC-EN-COM-0315,jaccard_similarity,0.846,manual_review_required
near_duplicate,SRC-EN-COM-0306,SRC-EN-COM-0316,jaccard_similarity,0.875,manual_review_required
near_duplicate,SRC-EN-COM-0307,SRC-EN-COM-0317,jaccard_similarity,0.875,manual_review_required
near_duplicate,SRC-EN-COM-0308,SRC-EN-COM-0318,jaccard_similarity,0.857,manual_review_required
near_duplicate,SRC-EN-COM-0309,SRC-EN-COM-0319,jaccard_similarity,0.857,manual_review_required
near_duplicate,SRC-EN-COM-0310,SRC-EN-COM-0320,jaccard_similarity,0.857,manual_review_required
near_duplicate,SRC-EN-COM-0311,SRC-EN-COM-0321,jaccard_similarity,0.857,manual_review_required
near_duplicate,SRC-EN-COM-0312,SRC-EN-COM-0322,jaccard_similarity,0.857,manual_review_required
near_duplicate,SRC-EN-COM-0313,SRC-EN-COM-0323,jaccard_similarity,0.846,manual_review_required
near_duplicate,SRC-EN-COM-0314,SRC-EN-COM-0324,jaccard_similarity,0.882,manual_review_required
near_duplicate,SRC-EN-INS-0385,SRC-EN-INS-0395,jaccard_similarity,0.857,manual_review_required
near_duplicate,SRC-EN-INS-0386,SRC-EN-INS-0396,jaccard_similarity,0.833,manual_review_required
near_duplicate,SRC-EN-INS-0387,SRC-EN-INS-0397,jaccard_similarity,0.818,manual_review_required
near_duplicate,SRC-EN-INS-0388,SRC-EN-INS-0398,jaccard_similarity,0.833,manual_review_required
near_duplicate,SRC-EN-INS-0389,SRC-EN-INS-0399,jaccard_similarity,0.818,manual_review_required
