layer,source_path,source_id,target_layer,target_id,disposition,migration_timestamp,notes
Adaptation Test Set,data/application_tasks/seed_tasks.json,VOC-NAMING-001,adaptation_test_set/en/component3_local_samples,C3-EN-VOC-NAMING-001,migrated,2026-09-23T14:12:11.113624,"Domain: vocabulary, Skill: animal_naming"
Adaptation Test Set,data/application_tasks/seed_tasks.json,VOC-NAMING-002,adaptation_test_set/en/component3_local_samples,C3-EN-VOC-NAMING-002,migrated,2026-09-23T14:12:11.113624,"Domain: vocabulary, Skill: classroom_vocabulary"
Adaptation Test Set,data/application_tasks/seed_tasks.json,VOC-MATCH-001,adaptation_test_set/en/component3_local_samples,C3-EN-VOC-MATCH-001,migrated,2026-09-23T14:12:11.113624,"Domain: vocabulary, Skill: reading_vocabulary_matching"
Adaptation Test Set,data/application_tasks/seed_tasks.json,VOC-DEF-001,adaptation_test_set/en/component3_local_samples,C3-EN-VOC-DEF-001,migrated,2026-09-23T14:12:11.113624,"Domain: vocabulary, Skill: job_function_vocabulary"
Adaptation Test Set,data/application_tasks/seed_tasks.json,VOC-SYN-001,adaptation_test_set/en/component3_local_samples,C3-EN-VOC-SYN-001,migrated,2026-09-23T14:12:11.113624,"Domain: vocabulary, Skill: vocabulary_simplification"
Adaptation Test Set,data/application_tasks/seed_tasks.json,VOC-CAT-001,adaptation_test_set/en/component3_local_samples,C3-EN-VOC-CAT-001,migrated,2026-09-23T14:12:11.113624,"Domain: vocabulary, Skill: category_sorting"
Adaptation Test Set,data/application_tasks/seed_tasks.json,VOC-ODD-001,adaptation_test_set/en/component3_local_samples,C3-EN-VOC-ODD-001,migrated,2026-09-23T14:12:11.113624,"Domain: vocabulary, Skill: semantic_odd_one_out"
Adaptation Test Set,data/application_tasks/seed_tasks.json,VOC-ACT-001,adaptation_test_set/en/component3_local_samples,C3-EN-VOC-ACT-001,migrated,2026-09-23T14:12:11.113624,"Domain: vocabulary, Skill: action_verbs"
Adaptation Test Set,data/application_tasks/seed_tasks.json,GRAM-ART-001,adaptation_test_set/en/component3_local_samples,C3-EN-GRAM-ART-001,migrated,2026-09-23T14:12:11.113624,"Domain: grammar, Skill: indefinite_article_a_an"
Adaptation Test Set,data/application_tasks/seed_tasks.json,GRAM-PREP-001,adaptation_test_set/en/component3_local_samples,C3-EN-GRAM-PREP-001,migrated,2026-09-23T14:12:11.113624,"Domain: grammar, Skill: location_preposition"
Adaptation Test Set,data/application_tasks/seed_tasks.json,GRAM-SVA-001,adaptation_test_set/en/component3_local_samples,C3-EN-GRAM-SVA-001,migrated,2026-09-23T14:12:11.113624,"Domain: grammar, Skill: subject_verb_agreement"
Adaptation Test Set,data/application_tasks/seed_tasks.json,GRAM-PRON-001,adaptation_test_set/en/component3_local_samples,C3-EN-GRAM-PRON-001,migrated,2026-09-23T14:12:11.113624,"Domain: grammar, Skill: subject_pronoun_selection"
Adaptation Test Set,data/application_tasks/seed_tasks.json,GRAM-PLUR-001,adaptation_test_set/en/component3_local_samples,C3-EN-GRAM-PLUR-001,migrated,2026-09-23T14:12:11.113624,"Domain: grammar, Skill: regular_plural_s"
Adaptation Test Set,data/application_tasks/seed_tasks.json,GRAM-TENSE-001,adaptation_test_set/en/component3_local_samples,C3-EN-GRAM-TENSE-001,migrated,2026-09-23T14:12:11.113624,"Domain: grammar, Skill: regular_past_tense_ed"
Adaptation Test Set,data/application_tasks/seed_tasks.json,GRAM-COMPL-001,adaptation_test_set/en/component3_local_samples,C3-EN-GRAM-COMPL-001,migrated,2026-09-23T14:12:11.113624,"Domain: grammar, Skill: sentence_predicate_completion"
Adaptation Test Set,data/application_tasks/seed_tasks.json,GRAM-WORD-001,adaptation_test_set/en/component3_local_samples,C3-EN-GRAM-WORD-001,migrated,2026-09-23T14:12:11.113624,"Domain: grammar, Skill: word_order_svo"
Adaptation Test Set,data/application_tasks/seed_tasks.json,INST-ONE-001,adaptation_test_set/en/component3_local_samples,C3-EN-INST-ONE-001,migrated,2026-09-23T14:12:11.113624,"Domain: sentence_and_instruction, Skill: single_step_directive"
Adaptation Test Set,data/application_tasks/seed_tasks.json,INST-TWO-001,adaptation_test_set/en/component3_local_samples,C3-EN-INST-TWO-001,migrated,2026-09-23T14:12:11.113624,"Domain: sentence_and_instruction, Skill: two_step_instruction_following"
Adaptation Test Set,data/application_tasks/seed_tasks.json,INST-THREE-001,adaptation_test_set/en/component3_local_samples,C3-EN-INST-THREE-001,migrated,2026-09-23T14:12:11.113624,"Domain: sentence_and_instruction, Skill: three_step_instruction_following"
Adaptation Test Set,data/application_tasks/seed_tasks.json,INST-BEFORE-001,adaptation_test_set/en/component3_local_samples,C3-EN-INST-BEFORE-001,migrated,2026-09-23T14:12:11.114646,"Domain: sentence_and_instruction, Skill: temporal_clause_before"
Adaptation Test Set,data/application_tasks/seed_tasks.json,INST-IFTHEN-001,adaptation_test_set/en/component3_local_samples,C3-EN-INST-IFTHEN-001,migrated,2026-09-23T14:12:11.114646,"Domain: sentence_and_instruction, Skill: conditional_logic_if_then"
Adaptation Test Set,data/application_tasks/seed_tasks.json,SENT-REL-001,adaptation_test_set/en/component3_local_samples,C3-EN-SENT-REL-001,migrated,2026-09-23T14:12:11.114646,"Domain: sentence_and_instruction, Skill: relative_clause_comprehension"
Adaptation Test Set,data/application_tasks/seed_tasks.json,SENT-PASS-001,adaptation_test_set/en/component3_local_samples,C3-EN-SENT-PASS-001,migrated,2026-09-23T14:12:11.114646,"Domain: sentence_and_instruction, Skill: passive_voice_agent_identification"
Adaptation Test Set,data/application_tasks/seed_tasks.json,SENT-AR-001,adaptation_test_set/en/component3_local_samples,C3-EN-SENT-AR-001,migrated,2026-09-23T14:12:11.114646,"Domain: sentence_and_instruction, Skill: complex_instruction_sorting"
Adaptation Test Set,data/application_tasks/seed_tasks.json,COMP-PASSAGE-001,adaptation_test_set/en/component3_local_samples,C3-EN-COMP-PASSAGE-001,migrated,2026-09-23T14:12:11.114646,"Domain: comprehension, Skill: passage_literal_comprehension"
Adaptation Test Set,data/application_tasks/seed_tasks.json,COMP-PASSAGE-002,adaptation_test_set/en/component3_local_samples,C3-EN-COMP-PASSAGE-002,migrated,2026-09-23T14:12:11.114646,"Domain: comprehension, Skill: passage_literal_comprehension"
Adaptation Test Set,data/application_tasks/seed_tasks.json,COMP-SEQ-001,adaptation_test_set/en/component3_local_samples,C3-EN-COMP-SEQ-001,migrated,2026-09-23T14:12:11.114646,"Domain: comprehension, Skill: narrative_event_sequencing"
Adaptation Test Set,data/application_tasks/seed_tasks.json,COMP-MAIN-001,adaptation_test_set/en/component3_local_samples,C3-EN-COMP-MAIN-001,migrated,2026-09-23T14:12:11.114646,"Domain: comprehension, Skill: main_idea_identification"
Adaptation Test Set,data/application_tasks/seed_tasks.json,COMP-YESNO-001,adaptation_test_set/en/component3_local_samples,C3-EN-COMP-YESNO-001,migrated,2026-09-23T14:12:11.114646,"Domain: comprehension, Skill: factual_yes_no_comprehension"
Adaptation Test Set,data/application_tasks/seed_tasks.json,COMP-WH-001,adaptation_test_set/en/component3_local_samples,C3-EN-COMP-WH-001,migrated,2026-09-23T14:12:11.114646,"Domain: comprehension, Skill: wh_question_answering"
Adaptation Test Set,data/application_tasks/seed_tasks.json,TASK-ENG-001,adaptation_test_set/en/component3_local_samples,C3-EN-TASK-ENG-001,migrated,2026-09-23T14:12:11.114646,"Domain: sentence_and_instruction, Skill: two_step_instruction_following"
Adaptation Test Set,data/application_tasks/seed_tasks.json,TASK-ENG-002,adaptation_test_set/en/component3_local_samples,C3-EN-TASK-ENG-002,migrated,2026-09-23T14:12:11.114646,"Domain: vocabulary, Skill: animal_habitat_concept"
Adaptation Test Set,data/application_tasks/seed_tasks.json,TASK-ENG-003,adaptation_test_set/en/component3_local_samples,C3-EN-TASK-ENG-003,migrated,2026-09-23T14:12:11.114646,"Domain: vocabulary, Skill: size_comparison"
Adaptation Test Set,data/application_tasks/seed_tasks.json,TASK-ENG-004,adaptation_test_set/en/component3_local_samples,C3-EN-TASK-ENG-004,migrated,2026-09-23T14:12:11.114646,"Domain: sentence_and_instruction, Skill: three_step_instruction_following"
Adaptation Test Set,data/application_tasks/seed_tasks.json,TASK-ENG-005,adaptation_test_set/en/component3_local_samples,C3-EN-TASK-ENG-005,migrated,2026-09-23T14:12:11.114646,"Domain: vocabulary, Skill: color_adjectives"
Adaptation Test Set,data/application_tasks/seed_tasks.json,TASK-ENG-006,adaptation_test_set/en/component3_local_samples,C3-EN-TASK-ENG-006,migrated,2026-09-23T14:12:11.114646,"Domain: grammar, Skill: location_preposition"
Adaptation Test Set,data/application_tasks/seed_tasks.json,TASK-ENG-007,adaptation_test_set/en/component3_local_samples,C3-EN-TASK-ENG-007,migrated,2026-09-23T14:12:11.114646,"Domain: vocabulary, Skill: action_verbs"
Adaptation Test Set,data/application_tasks/seed_tasks.json,TASK-ENG-008,adaptation_test_set/en/component3_local_samples,C3-EN-TASK-ENG-008,migrated,2026-09-23T14:12:11.114646,"Domain: comprehension, Skill: narrative_event_sequencing"
Adaptation Test Set,data/application_tasks/seed_tasks.json,TASK-ENG-009,adaptation_test_set/en/component3_local_samples,C3-EN-TASK-ENG-009,migrated,2026-09-23T14:12:11.114646,"Domain: grammar, Skill: subject_pronoun_selection"
Adaptation Test Set,data/application_tasks/seed_tasks.json,TASK-ENG-010,adaptation_test_set/en/component3_local_samples,C3-EN-TASK-ENG-010,migrated,2026-09-23T14:12:11.114646,"Domain: sentence_and_instruction, Skill: two_step_instruction_following"
Adaptation Test Set,data/integration_fixtures/component1_inputs/CHILD-001.json,CHILD-001,adaptation_test_set/en/component1_samples,CHILD-001,migrated,2026-09-23T14:12:11.131659,Simulated Component 1 screening fixture
Adaptation Test Set,data/integration_fixtures/component1_inputs/CHILD-002.json,CHILD-002,adaptation_test_set/en/component1_samples,CHILD-002,migrated,2026-09-23T14:12:11.135700,Simulated Component 1 screening fixture
Adaptation Test Set,data/integration_fixtures/component1_inputs/CHILD-003.json,CHILD-003,adaptation_test_set/en/component1_samples,CHILD-003,migrated,2026-09-23T14:12:11.141516,Simulated Component 1 screening fixture
Adaptation Test Set,data/integration_fixtures/component1_inputs/CHILD-004.json,CHILD-004,adaptation_test_set/en/component1_samples,CHILD-004,migrated,2026-09-23T14:12:11.146724,Simulated Component 1 screening fixture
Adaptation Test Set,data/integration_fixtures/component1_inputs/CHILD-005.json,CHILD-005,adaptation_test_set/en/component1_samples,CHILD-005,migrated,2026-09-23T14:12:11.150467,Simulated Component 1 screening fixture
Adaptation Test Set,data/integration_fixtures/component2_ar_expected/example_ar_payload.json,example_ar_payload,adaptation_test_set/en/component2_ar_samples,example_ar_payload,migrated,2026-09-23T14:12:11.160714,Simulated Component 2 AR output fixture
Simplification Corpus,data/application_tasks/seed_tasks.json,VOC-NAMING-001:instruction_pair,simplification_corpus/en/draft,SIMP-EN-0001,migrated,2026-09-23T14:13:31.722978,Extracted from task VOC-NAMING-001
Simplification Corpus,data/application_tasks/seed_tasks.json,VOC-NAMING-001:support_mild,simplification_corpus/en/draft,SIMP-EN-0002,migrated,2026-09-23T14:13:31.722978,Tiered support variant (mild) for task VOC-NAMING-001
Simplification Corpus,data/application_tasks/seed_tasks.json,VOC-NAMING-001:support_moderate,simplification_corpus/en/draft,SIMP-EN-0003,migrated,2026-09-23T14:13:31.722978,Tiered support variant (moderate) for task VOC-NAMING-001
Simplification Corpus,data/application_tasks/seed_tasks.json,VOC-NAMING-001:support_strong,simplification_corpus/en/draft,SIMP-EN-0004,migrated,2026-09-23T14:13:31.722978,Tiered support variant (strong) for task VOC-NAMING-001
Simplification Corpus,data/application_tasks/seed_tasks.json,VOC-NAMING-002:instruction_pair,simplification_corpus/en/draft,SIMP-EN-0005,migrated,2026-09-23T14:13:31.722978,Extracted from task VOC-NAMING-002
Simplification Corpus,data/application_tasks/seed_tasks.json,VOC-NAMING-002:support_mild,simplification_corpus/en/draft,SIMP-EN-0006,migrated,2026-09-23T14:13:31.722978,Tiered support variant (mild) for task VOC-NAMING-002
Simplification Corpus,data/application_tasks/seed_tasks.json,VOC-NAMING-002:support_moderate,simplification_corpus/en/draft,SIMP-EN-0007,migrated,2026-09-23T14:13:31.722978,Tiered support variant (moderate) for task VOC-NAMING-002
Simplification Corpus,data/application_tasks/seed_tasks.json,VOC-NAMING-002:support_strong,simplification_corpus/en/draft,SIMP-EN-0008,migrated,2026-09-23T14:13:31.722978,Tiered support variant (strong) for task VOC-NAMING-002
Simplification Corpus,data/application_tasks/seed_tasks.json,VOC-MATCH-001:instruction_pair,simplification_corpus/en/draft,SIMP-EN-0009,migrated,2026-09-23T14:13:31.722978,Extracted from task VOC-MATCH-001
Simplification Corpus,data/application_tasks/seed_tasks.json,VOC-MATCH-001:support_mild,simplification_corpus/en/draft,SIMP-EN-0010,migrated,2026-09-23T14:13:31.722978,Tiered support variant (mild) for task VOC-MATCH-001
Simplification Corpus,data/application_tasks/seed_tasks.json,VOC-MATCH-001:support_moderate,simplification_corpus/en/draft,SIMP-EN-0011,migrated,2026-09-23T14:13:31.722978,Tiered support variant (moderate) for task VOC-MATCH-001
Simplification Corpus,data/application_tasks/seed_tasks.json,VOC-MATCH-001:support_strong,simplification_corpus/en/draft,SIMP-EN-0012,migrated,2026-09-23T14:13:31.722978,Tiered support variant (strong) for task VOC-MATCH-001
Simplification Corpus,data/application_tasks/seed_tasks.json,VOC-DEF-001:instruction_pair,simplification_corpus/en/draft,SIMP-EN-0013,migrated,2026-09-23T14:13:31.722978,Extracted from task VOC-DEF-001
Simplification Corpus,data/application_tasks/seed_tasks.json,VOC-DEF-001:support_mild,simplification_corpus/en/draft,SIMP-EN-0014,migrated,2026-09-23T14:13:31.722978,Tiered support variant (mild) for task VOC-DEF-001
Simplification Corpus,data/application_tasks/seed_tasks.json,VOC-DEF-001:support_moderate,simplification_corpus/en/draft,SIMP-EN-0015,migrated,2026-09-23T14:13:31.722978,Tiered support variant (moderate) for task VOC-DEF-001
Simplification Corpus,data/application_tasks/seed_tasks.json,VOC-DEF-001:support_strong,simplification_corpus/en/draft,SIMP-EN-0016,migrated,2026-09-23T14:13:31.722978,Tiered support variant (strong) for task VOC-DEF-001
Simplification Corpus,data/application_tasks/seed_tasks.json,VOC-SYN-001:instruction_pair,simplification_corpus/en/draft,SIMP-EN-0017,migrated,2026-09-23T14:13:31.722978,Extracted from task VOC-SYN-001
Simplification Corpus,data/application_tasks/seed_tasks.json,VOC-SYN-001:support_mild,simplification_corpus/en/draft,SIMP-EN-0018,migrated,2026-09-23T14:13:31.722978,Tiered support variant (mild) for task VOC-SYN-001
Simplification Corpus,data/application_tasks/seed_tasks.json,VOC-SYN-001:support_moderate,simplification_corpus/en/draft,SIMP-EN-0019,migrated,2026-09-23T14:13:31.722978,Tiered support variant (moderate) for task VOC-SYN-001
Simplification Corpus,data/application_tasks/seed_tasks.json,VOC-SYN-001:support_strong,simplification_corpus/en/draft,SIMP-EN-0020,migrated,2026-09-23T14:13:31.722978,Tiered support variant (strong) for task VOC-SYN-001
Simplification Corpus,data/application_tasks/seed_tasks.json,VOC-CAT-001:instruction_pair,simplification_corpus/en/draft,SIMP-EN-0021,migrated,2026-09-23T14:13:31.722978,Extracted from task VOC-CAT-001
Simplification Corpus,data/application_tasks/seed_tasks.json,VOC-CAT-001:support_mild,simplification_corpus/en/draft,SIMP-EN-0022,migrated,2026-09-23T14:13:31.722978,Tiered support variant (mild) for task VOC-CAT-001
Simplification Corpus,data/application_tasks/seed_tasks.json,VOC-CAT-001:support_moderate,simplification_corpus/en/draft,SIMP-EN-0023,migrated,2026-09-23T14:13:31.722978,Tiered support variant (moderate) for task VOC-CAT-001
Simplification Corpus,data/application_tasks/seed_tasks.json,VOC-CAT-001:support_strong,simplification_corpus/en/draft,SIMP-EN-0024,migrated,2026-09-23T14:13:31.722978,Tiered support variant (strong) for task VOC-CAT-001
Simplification Corpus,data/application_tasks/seed_tasks.json,VOC-ODD-001:instruction_pair,simplification_corpus/en/draft,SIMP-EN-0025,migrated,2026-09-23T14:13:31.722978,Extracted from task VOC-ODD-001
Simplification Corpus,data/application_tasks/seed_tasks.json,VOC-ODD-001:support_mild,simplification_corpus/en/draft,SIMP-EN-0026,migrated,2026-09-23T14:13:31.722978,Tiered support variant (mild) for task VOC-ODD-001
Simplification Corpus,data/application_tasks/seed_tasks.json,VOC-ODD-001:support_moderate,simplification_corpus/en/draft,SIMP-EN-0027,migrated,2026-09-23T14:13:31.722978,Tiered support variant (moderate) for task VOC-ODD-001
Simplification Corpus,data/application_tasks/seed_tasks.json,VOC-ODD-001:support_strong,simplification_corpus/en/draft,SIMP-EN-0028,migrated,2026-09-23T14:13:31.722978,Tiered support variant (strong) for task VOC-ODD-001
Simplification Corpus,data/application_tasks/seed_tasks.json,VOC-ACT-001:instruction_pair,simplification_corpus/en/draft,SIMP-EN-0029,migrated,2026-09-23T14:13:31.722978,Extracted from task VOC-ACT-001
Simplification Corpus,data/application_tasks/seed_tasks.json,VOC-ACT-001:support_mild,simplification_corpus/en/draft,SIMP-EN-0030,migrated,2026-09-23T14:13:31.722978,Tiered support variant (mild) for task VOC-ACT-001
Simplification Corpus,data/application_tasks/seed_tasks.json,VOC-ACT-001:support_moderate,simplification_corpus/en/draft,SIMP-EN-0031,migrated,2026-09-23T14:13:31.722978,Tiered support variant (moderate) for task VOC-ACT-001
Simplification Corpus,data/application_tasks/seed_tasks.json,VOC-ACT-001:support_strong,simplification_corpus/en/draft,SIMP-EN-0032,migrated,2026-09-23T14:13:31.722978,Tiered support variant (strong) for task VOC-ACT-001
Simplification Corpus,data/application_tasks/seed_tasks.json,GRAM-ART-001:instruction_pair,simplification_corpus/en/draft,SIMP-EN-0033,migrated,2026-09-23T14:13:31.722978,Extracted from task GRAM-ART-001
Simplification Corpus,data/application_tasks/seed_tasks.json,GRAM-ART-001:support_mild,simplification_corpus/en/draft,SIMP-EN-0034,migrated,2026-09-23T14:13:31.722978,Tiered support variant (mild) for task GRAM-ART-001
Simplification Corpus,data/application_tasks/seed_tasks.json,GRAM-ART-001:support_moderate,simplification_corpus/en/draft,SIMP-EN-0035,migrated,2026-09-23T14:13:31.722978,Tiered support variant (moderate) for task GRAM-ART-001
Simplification Corpus,data/application_tasks/seed_tasks.json,GRAM-ART-001:support_strong,simplification_corpus/en/draft,SIMP-EN-0036,migrated,2026-09-23T14:13:31.722978,Tiered support variant (strong) for task GRAM-ART-001
Simplification Corpus,data/application_tasks/seed_tasks.json,GRAM-PREP-001:instruction_pair,simplification_corpus/en/draft,SIMP-EN-0037,migrated,2026-09-23T14:13:31.722978,Extracted from task GRAM-PREP-001
Simplification Corpus,data/application_tasks/seed_tasks.json,GRAM-PREP-001:support_mild,simplification_corpus/en/draft,SIMP-EN-0038,migrated,2026-09-23T14:13:31.722978,Tiered support variant (mild) for task GRAM-PREP-001
Simplification Corpus,data/application_tasks/seed_tasks.json,GRAM-PREP-001:support_moderate,simplification_corpus/en/draft,SIMP-EN-0039,migrated,2026-09-23T14:13:31.722978,Tiered support variant (moderate) for task GRAM-PREP-001
Simplification Corpus,data/application_tasks/seed_tasks.json,GRAM-PREP-001:support_strong,simplification_corpus/en/draft,SIMP-EN-0040,migrated,2026-09-23T14:13:31.722978,Tiered support variant (strong) for task GRAM-PREP-001
Simplification Corpus,data/application_tasks/seed_tasks.json,GRAM-SVA-001:instruction_pair,simplification_corpus/en/draft,SIMP-EN-0041,migrated,2026-09-23T14:13:31.722978,Extracted from task GRAM-SVA-001
Simplification Corpus,data/application_tasks/seed_tasks.json,GRAM-SVA-001:support_mild,simplification_corpus/en/draft,SIMP-EN-0042,migrated,2026-09-23T14:13:31.722978,Tiered support variant (mild) for task GRAM-SVA-001
Simplification Corpus,data/application_tasks/seed_tasks.json,GRAM-SVA-001:support_moderate,simplification_corpus/en/draft,SIMP-EN-0043,migrated,2026-09-23T14:13:31.722978,Tiered support variant (moderate) for task GRAM-SVA-001
Simplification Corpus,data/application_tasks/seed_tasks.json,GRAM-SVA-001:support_strong,simplification_corpus/en/draft,SIMP-EN-0044,migrated,2026-09-23T14:13:31.722978,Tiered support variant (strong) for task GRAM-SVA-001
Simplification Corpus,data/application_tasks/seed_tasks.json,GRAM-PRON-001:instruction_pair,simplification_corpus/en/draft,SIMP-EN-0045,migrated,2026-09-23T14:13:31.722978,Extracted from task GRAM-PRON-001
Simplification Corpus,data/application_tasks/seed_tasks.json,GRAM-PRON-001:support_mild,simplification_corpus/en/draft,SIMP-EN-0046,migrated,2026-09-23T14:13:31.722978,Tiered support variant (mild) for task GRAM-PRON-001
Simplification Corpus,data/application_tasks/seed_tasks.json,GRAM-PRON-001:support_moderate,simplification_corpus/en/draft,SIMP-EN-0047,migrated,2026-09-23T14:13:31.722978,Tiered support variant (moderate) for task GRAM-PRON-001
Simplification Corpus,data/application_tasks/seed_tasks.json,GRAM-PRON-001:support_strong,simplification_corpus/en/draft,SIMP-EN-0048,migrated,2026-09-23T14:13:31.722978,Tiered support variant (strong) for task GRAM-PRON-001
Simplification Corpus,data/application_tasks/seed_tasks.json,GRAM-PLUR-001:instruction_pair,simplification_corpus/en/draft,SIMP-EN-0049,migrated,2026-09-23T14:13:31.723965,Extracted from task GRAM-PLUR-001
Simplification Corpus,data/application_tasks/seed_tasks.json,GRAM-PLUR-001:support_mild,simplification_corpus/en/draft,SIMP-EN-0050,migrated,2026-09-23T14:13:31.723965,Tiered support variant (mild) for task GRAM-PLUR-001
Simplification Corpus,data/application_tasks/seed_tasks.json,GRAM-PLUR-001:support_moderate,simplification_corpus/en/draft,SIMP-EN-0051,migrated,2026-09-23T14:13:31.723965,Tiered support variant (moderate) for task GRAM-PLUR-001
Simplification Corpus,data/application_tasks/seed_tasks.json,GRAM-PLUR-001:support_strong,simplification_corpus/en/draft,SIMP-EN-0052,migrated,2026-09-23T14:13:31.723965,Tiered support variant (strong) for task GRAM-PLUR-001
Simplification Corpus,data/application_tasks/seed_tasks.json,GRAM-TENSE-001:instruction_pair,simplification_corpus/en/draft,SIMP-EN-0053,migrated,2026-09-23T14:13:31.723965,Extracted from task GRAM-TENSE-001
Simplification Corpus,data/application_tasks/seed_tasks.json,GRAM-TENSE-001:support_mild,simplification_corpus/en/draft,SIMP-EN-0054,migrated,2026-09-23T14:13:31.723965,Tiered support variant (mild) for task GRAM-TENSE-001
Simplification Corpus,data/application_tasks/seed_tasks.json,GRAM-TENSE-001:support_moderate,simplification_corpus/en/draft,SIMP-EN-0055,migrated,2026-09-23T14:13:31.723965,Tiered support variant (moderate) for task GRAM-TENSE-001
Simplification Corpus,data/application_tasks/seed_tasks.json,GRAM-TENSE-001:support_strong,simplification_corpus/en/draft,SIMP-EN-0056,migrated,2026-09-23T14:13:31.723965,Tiered support variant (strong) for task GRAM-TENSE-001
Simplification Corpus,data/application_tasks/seed_tasks.json,GRAM-COMPL-001:instruction_pair,simplification_corpus/en/draft,SIMP-EN-0057,migrated,2026-09-23T14:13:31.723965,Extracted from task GRAM-COMPL-001
Simplification Corpus,data/application_tasks/seed_tasks.json,GRAM-COMPL-001:support_mild,simplification_corpus/en/draft,SIMP-EN-0058,migrated,2026-09-23T14:13:31.723965,Tiered support variant (mild) for task GRAM-COMPL-001
Simplification Corpus,data/application_tasks/seed_tasks.json,GRAM-COMPL-001:support_moderate,simplification_corpus/en/draft,SIMP-EN-0059,migrated,2026-09-23T14:13:31.723965,Tiered support variant (moderate) for task GRAM-COMPL-001
Simplification Corpus,data/application_tasks/seed_tasks.json,GRAM-COMPL-001:support_strong,simplification_corpus/en/draft,SIMP-EN-0060,migrated,2026-09-23T14:13:31.723965,Tiered support variant (strong) for task GRAM-COMPL-001
Simplification Corpus,data/application_tasks/seed_tasks.json,GRAM-WORD-001:instruction_pair,simplification_corpus/en/draft,SIMP-EN-0061,migrated,2026-09-23T14:13:31.723965,Extracted from task GRAM-WORD-001
Simplification Corpus,data/application_tasks/seed_tasks.json,GRAM-WORD-001:support_mild,simplification_corpus/en/draft,SIMP-EN-0062,migrated,2026-09-23T14:13:31.723965,Tiered support variant (mild) for task GRAM-WORD-001
Simplification Corpus,data/application_tasks/seed_tasks.json,GRAM-WORD-001:support_moderate,simplification_corpus/en/draft,SIMP-EN-0063,migrated,2026-09-23T14:13:31.723965,Tiered support variant (moderate) for task GRAM-WORD-001
Simplification Corpus,data/application_tasks/seed_tasks.json,GRAM-WORD-001:support_strong,simplification_corpus/en/draft,SIMP-EN-0064,migrated,2026-09-23T14:13:31.723965,Tiered support variant (strong) for task GRAM-WORD-001
Simplification Corpus,data/application_tasks/seed_tasks.json,INST-ONE-001:instruction_pair,simplification_corpus/en/draft,SIMP-EN-0065,migrated,2026-09-23T14:13:31.723965,Extracted from task INST-ONE-001
Simplification Corpus,data/application_tasks/seed_tasks.json,INST-ONE-001:support_mild,simplification_corpus/en/draft,SIMP-EN-0066,migrated,2026-09-23T14:13:31.723965,Tiered support variant (mild) for task INST-ONE-001
Simplification Corpus,data/application_tasks/seed_tasks.json,INST-ONE-001:support_moderate,simplification_corpus/en/draft,SIMP-EN-0067,migrated,2026-09-23T14:13:31.723965,Tiered support variant (moderate) for task INST-ONE-001
Simplification Corpus,data/application_tasks/seed_tasks.json,INST-ONE-001:support_strong,simplification_corpus/en/draft,SIMP-EN-0068,migrated,2026-09-23T14:13:31.723965,Tiered support variant (strong) for task INST-ONE-001
Simplification Corpus,data/application_tasks/seed_tasks.json,INST-TWO-001:instruction_pair,simplification_corpus/en/draft,SIMP-EN-0069,migrated,2026-09-23T14:13:31.723965,Extracted from task INST-TWO-001
Simplification Corpus,data/application_tasks/seed_tasks.json,INST-TWO-001:support_mild,simplification_corpus/en/draft,SIMP-EN-0070,migrated,2026-09-23T14:13:31.723965,Tiered support variant (mild) for task INST-TWO-001
Simplification Corpus,data/application_tasks/seed_tasks.json,INST-TWO-001:support_moderate,simplification_corpus/en/draft,SIMP-EN-0071,migrated,2026-09-23T14:13:31.723965,Tiered support variant (moderate) for task INST-TWO-001
Simplification Corpus,data/application_tasks/seed_tasks.json,INST-TWO-001:support_strong,simplification_corpus/en/draft,SIMP-EN-0072,migrated,2026-09-23T14:13:31.723965,Tiered support variant (strong) for task INST-TWO-001
Simplification Corpus,data/application_tasks/seed_tasks.json,INST-THREE-001:instruction_pair,simplification_corpus/en/draft,SIMP-EN-0073,migrated,2026-09-23T14:13:31.723965,Extracted from task INST-THREE-001
Simplification Corpus,data/application_tasks/seed_tasks.json,INST-THREE-001:support_mild,simplification_corpus/en/draft,SIMP-EN-0074,migrated,2026-09-23T14:13:31.723965,Tiered support variant (mild) for task INST-THREE-001
Simplification Corpus,data/application_tasks/seed_tasks.json,INST-THREE-001:support_moderate,simplification_corpus/en/draft,SIMP-EN-0075,migrated,2026-09-23T14:13:31.723965,Tiered support variant (moderate) for task INST-THREE-001
Simplification Corpus,data/application_tasks/seed_tasks.json,INST-THREE-001:support_strong,simplification_corpus/en/draft,SIMP-EN-0076,migrated,2026-09-23T14:13:31.723965,Tiered support variant (strong) for task INST-THREE-001
Simplification Corpus,data/application_tasks/seed_tasks.json,INST-BEFORE-001:instruction_pair,simplification_corpus/en/draft,SIMP-EN-0077,migrated,2026-09-23T14:13:31.723965,Extracted from task INST-BEFORE-001
Simplification Corpus,data/application_tasks/seed_tasks.json,INST-BEFORE-001:support_mild,simplification_corpus/en/draft,SIMP-EN-0078,migrated,2026-09-23T14:13:31.723965,Tiered support variant (mild) for task INST-BEFORE-001
Simplification Corpus,data/application_tasks/seed_tasks.json,INST-BEFORE-001:support_moderate,simplification_corpus/en/draft,SIMP-EN-0079,migrated,2026-09-23T14:13:31.723965,Tiered support variant (moderate) for task INST-BEFORE-001
Simplification Corpus,data/application_tasks/seed_tasks.json,INST-BEFORE-001:support_strong,simplification_corpus/en/draft,SIMP-EN-0080,migrated,2026-09-23T14:13:31.723965,Tiered support variant (strong) for task INST-BEFORE-001
Simplification Corpus,data/application_tasks/seed_tasks.json,INST-IFTHEN-001:instruction_pair,simplification_corpus/en/draft,SIMP-EN-0081,migrated,2026-09-23T14:13:31.723965,Extracted from task INST-IFTHEN-001
Simplification Corpus,data/application_tasks/seed_tasks.json,INST-IFTHEN-001:support_mild,simplification_corpus/en/draft,SIMP-EN-0082,migrated,2026-09-23T14:13:31.723965,Tiered support variant (mild) for task INST-IFTHEN-001
Simplification Corpus,data/application_tasks/seed_tasks.json,INST-IFTHEN-001:support_moderate,simplification_corpus/en/draft,SIMP-EN-0083,migrated,2026-09-23T14:13:31.723965,Tiered support variant (moderate) for task INST-IFTHEN-001
Simplification Corpus,data/application_tasks/seed_tasks.json,INST-IFTHEN-001:support_strong,simplification_corpus/en/draft,SIMP-EN-0084,migrated,2026-09-23T14:13:31.723965,Tiered support variant (strong) for task INST-IFTHEN-001
Simplification Corpus,data/application_tasks/seed_tasks.json,SENT-REL-001:instruction_pair,simplification_corpus/en/draft,SIMP-EN-0085,migrated,2026-09-23T14:13:31.723965,Extracted from task SENT-REL-001
Simplification Corpus,data/application_tasks/seed_tasks.json,SENT-REL-001:support_mild,simplification_corpus/en/draft,SIMP-EN-0086,migrated,2026-09-23T14:13:31.723965,Tiered support variant (mild) for task SENT-REL-001
Simplification Corpus,data/application_tasks/seed_tasks.json,SENT-REL-001:support_moderate,simplification_corpus/en/draft,SIMP-EN-0087,migrated,2026-09-23T14:13:31.723965,Tiered support variant (moderate) for task SENT-REL-001
Simplification Corpus,data/application_tasks/seed_tasks.json,SENT-REL-001:support_strong,simplification_corpus/en/draft,SIMP-EN-0088,migrated,2026-09-23T14:13:31.723965,Tiered support variant (strong) for task SENT-REL-001
Simplification Corpus,data/application_tasks/seed_tasks.json,SENT-PASS-001:instruction_pair,simplification_corpus/en/draft,SIMP-EN-0089,migrated,2026-09-23T14:13:31.723965,Extracted from task SENT-PASS-001
Simplification Corpus,data/application_tasks/seed_tasks.json,SENT-PASS-001:support_mild,simplification_corpus/en/draft,SIMP-EN-0090,migrated,2026-09-23T14:13:31.723965,Tiered support variant (mild) for task SENT-PASS-001
Simplification Corpus,data/application_tasks/seed_tasks.json,SENT-PASS-001:support_moderate,simplification_corpus/en/draft,SIMP-EN-0091,migrated,2026-09-23T14:13:31.723965,Tiered support variant (moderate) for task SENT-PASS-001
Simplification Corpus,data/application_tasks/seed_tasks.json,SENT-PASS-001:support_strong,simplification_corpus/en/draft,SIMP-EN-0092,migrated,2026-09-23T14:13:31.723965,Tiered support variant (strong) for task SENT-PASS-001
Simplification Corpus,data/application_tasks/seed_tasks.json,SENT-AR-001:instruction_pair,simplification_corpus/en/draft,SIMP-EN-0093,migrated,2026-09-23T14:13:31.723965,Extracted from task SENT-AR-001
Simplification Corpus,data/application_tasks/seed_tasks.json,SENT-AR-001:support_mild,simplification_corpus/en/draft,SIMP-EN-0094,migrated,2026-09-23T14:13:31.723965,Tiered support variant (mild) for task SENT-AR-001
Simplification Corpus,data/application_tasks/seed_tasks.json,SENT-AR-001:support_moderate,simplification_corpus/en/draft,SIMP-EN-0095,migrated,2026-09-23T14:13:31.723965,Tiered support variant (moderate) for task SENT-AR-001
Simplification Corpus,data/application_tasks/seed_tasks.json,SENT-AR-001:support_strong,simplification_corpus/en/draft,SIMP-EN-0096,migrated,2026-09-23T14:13:31.723965,Tiered support variant (strong) for task SENT-AR-001
Simplification Corpus,data/application_tasks/seed_tasks.json,COMP-PASSAGE-001:instruction_pair,simplification_corpus/en/draft,SIMP-EN-0097,migrated,2026-09-23T14:13:31.723965,Extracted from task COMP-PASSAGE-001
Simplification Corpus,data/application_tasks/seed_tasks.json,COMP-PASSAGE-001:support_mild,simplification_corpus/en/draft,SIMP-EN-0098,migrated,2026-09-23T14:13:31.723965,Tiered support variant (mild) for task COMP-PASSAGE-001
Simplification Corpus,data/application_tasks/seed_tasks.json,COMP-PASSAGE-001:support_moderate,simplification_corpus/en/draft,SIMP-EN-0099,migrated,2026-09-23T14:13:31.723965,Tiered support variant (moderate) for task COMP-PASSAGE-001
Simplification Corpus,data/application_tasks/seed_tasks.json,COMP-PASSAGE-001:support_strong,simplification_corpus/en/draft,SIMP-EN-0100,migrated,2026-09-23T14:13:31.723965,Tiered support variant (strong) for task COMP-PASSAGE-001
Simplification Corpus,data/application_tasks/seed_tasks.json,COMP-PASSAGE-002:instruction_pair,simplification_corpus/en/draft,SIMP-EN-0101,migrated,2026-09-23T14:13:31.723965,Extracted from task COMP-PASSAGE-002
Simplification Corpus,data/application_tasks/seed_tasks.json,COMP-PASSAGE-002:support_mild,simplification_corpus/en/draft,SIMP-EN-0102,migrated,2026-09-23T14:13:31.723965,Tiered support variant (mild) for task COMP-PASSAGE-002
Simplification Corpus,data/application_tasks/seed_tasks.json,COMP-PASSAGE-002:support_moderate,simplification_corpus/en/draft,SIMP-EN-0103,migrated,2026-09-23T14:13:31.723965,Tiered support variant (moderate) for task COMP-PASSAGE-002
Simplification Corpus,data/application_tasks/seed_tasks.json,COMP-PASSAGE-002:support_strong,simplification_corpus/en/draft,SIMP-EN-0104,migrated,2026-09-23T14:13:31.723965,Tiered support variant (strong) for task COMP-PASSAGE-002
Simplification Corpus,data/application_tasks/seed_tasks.json,COMP-SEQ-001:instruction_pair,simplification_corpus/en/draft,SIMP-EN-0105,migrated,2026-09-23T14:13:31.723965,Extracted from task COMP-SEQ-001
Simplification Corpus,data/application_tasks/seed_tasks.json,COMP-SEQ-001:support_mild,simplification_corpus/en/draft,SIMP-EN-0106,migrated,2026-09-23T14:13:31.723965,Tiered support variant (mild) for task COMP-SEQ-001
Simplification Corpus,data/application_tasks/seed_tasks.json,COMP-SEQ-001:support_moderate,simplification_corpus/en/draft,SIMP-EN-0107,migrated,2026-09-23T14:13:31.723965,Tiered support variant (moderate) for task COMP-SEQ-001
Simplification Corpus,data/application_tasks/seed_tasks.json,COMP-SEQ-001:support_strong,simplification_corpus/en/draft,SIMP-EN-0108,migrated,2026-09-23T14:13:31.723965,Tiered support variant (strong) for task COMP-SEQ-001
Simplification Corpus,data/application_tasks/seed_tasks.json,COMP-MAIN-001:instruction_pair,simplification_corpus/en/draft,SIMP-EN-0109,migrated,2026-09-23T14:13:31.723965,Extracted from task COMP-MAIN-001
Simplification Corpus,data/application_tasks/seed_tasks.json,COMP-MAIN-001:support_mild,simplification_corpus/en/draft,SIMP-EN-0110,migrated,2026-09-23T14:13:31.723965,Tiered support variant (mild) for task COMP-MAIN-001
Simplification Corpus,data/application_tasks/seed_tasks.json,COMP-MAIN-001:support_moderate,simplification_corpus/en/draft,SIMP-EN-0111,migrated,2026-09-23T14:13:31.723965,Tiered support variant (moderate) for task COMP-MAIN-001
Simplification Corpus,data/application_tasks/seed_tasks.json,COMP-MAIN-001:support_strong,simplification_corpus/en/draft,SIMP-EN-0112,migrated,2026-09-23T14:13:31.723965,Tiered support variant (strong) for task COMP-MAIN-001
Simplification Corpus,data/application_tasks/seed_tasks.json,COMP-YESNO-001:instruction_pair,simplification_corpus/en/draft,SIMP-EN-0113,migrated,2026-09-23T14:13:31.723965,Extracted from task COMP-YESNO-001
Simplification Corpus,data/application_tasks/seed_tasks.json,COMP-YESNO-001:support_mild,simplification_corpus/en/draft,SIMP-EN-0114,migrated,2026-09-23T14:13:31.723965,Tiered support variant (mild) for task COMP-YESNO-001
Simplification Corpus,data/application_tasks/seed_tasks.json,COMP-YESNO-001:support_moderate,simplification_corpus/en/draft,SIMP-EN-0115,migrated,2026-09-23T14:13:31.723965,Tiered support variant (moderate) for task COMP-YESNO-001
Simplification Corpus,data/application_tasks/seed_tasks.json,COMP-YESNO-001:support_strong,simplification_corpus/en/draft,SIMP-EN-0116,migrated,2026-09-23T14:13:31.723965,Tiered support variant (strong) for task COMP-YESNO-001
Simplification Corpus,data/application_tasks/seed_tasks.json,COMP-WH-001:instruction_pair,simplification_corpus/en/draft,SIMP-EN-0117,migrated,2026-09-23T14:13:31.723965,Extracted from task COMP-WH-001
Simplification Corpus,data/application_tasks/seed_tasks.json,COMP-WH-001:support_mild,simplification_corpus/en/draft,SIMP-EN-0118,migrated,2026-09-23T14:13:31.723965,Tiered support variant (mild) for task COMP-WH-001
Simplification Corpus,data/application_tasks/seed_tasks.json,COMP-WH-001:support_moderate,simplification_corpus/en/draft,SIMP-EN-0119,migrated,2026-09-23T14:13:31.723965,Tiered support variant (moderate) for task COMP-WH-001
Simplification Corpus,data/application_tasks/seed_tasks.json,COMP-WH-001:support_strong,simplification_corpus/en/draft,SIMP-EN-0120,migrated,2026-09-23T14:13:31.723965,Tiered support variant (strong) for task COMP-WH-001
Simplification Corpus,data/application_tasks/seed_tasks.json,TASK-ENG-001:support_mild,simplification_corpus/en/draft,SIMP-EN-0121,migrated,2026-09-23T14:13:31.723965,Tiered support variant (mild) for task TASK-ENG-001
Simplification Corpus,data/application_tasks/seed_tasks.json,TASK-ENG-001:support_moderate,simplification_corpus/en/draft,SIMP-EN-0122,migrated,2026-09-23T14:13:31.723965,Tiered support variant (moderate) for task TASK-ENG-001
Simplification Corpus,data/application_tasks/seed_tasks.json,TASK-ENG-001:support_strong,simplification_corpus/en/draft,SIMP-EN-0123,migrated,2026-09-23T14:13:31.723965,Tiered support variant (strong) for task TASK-ENG-001
Simplification Corpus,data/application_tasks/seed_tasks.json,TASK-ENG-002:support_mild,simplification_corpus/en/draft,SIMP-EN-0124,migrated,2026-09-23T14:13:31.724964,Tiered support variant (mild) for task TASK-ENG-002
Simplification Corpus,data/application_tasks/seed_tasks.json,TASK-ENG-002:support_moderate,simplification_corpus/en/draft,SIMP-EN-0125,migrated,2026-09-23T14:13:31.724964,Tiered support variant (moderate) for task TASK-ENG-002
Simplification Corpus,data/application_tasks/seed_tasks.json,TASK-ENG-002:support_strong,simplification_corpus/en/draft,SIMP-EN-0126,migrated,2026-09-23T14:13:31.724964,Tiered support variant (strong) for task TASK-ENG-002
Simplification Corpus,db_table:adaptations,6221230b-bd93-4e39-bec5-08c849db9cf5,simplification_corpus/en/draft,SIMP-EN-0127,migrated,2026-09-23T14:13:31.780880,Engine adaptation from session None
Simplification Corpus,db_table:adaptations,9337d453-6f15-49a7-baee-13b0560332a7,simplification_corpus/en/draft,SIMP-EN-0128,migrated,2026-09-23T14:13:31.781878,Engine adaptation from session None
Simplification Corpus,db_table:adaptations,fdc1432d-8e42-41ec-85d3-32be2618b6ba,simplification_corpus/en/draft,SIMP-EN-0129,migrated,2026-09-23T14:13:31.782883,Engine adaptation from session None
Simplification Corpus,db_table:adaptations,558f1928-8aea-462d-871e-92fa209c8b90,simplification_corpus/en/draft,SIMP-EN-0130,migrated,2026-09-23T14:13:31.784877,Engine adaptation from session None
Simplification Corpus,db_table:adaptations,7eab9f52-a86e-40a2-ae55-a438f7b1ebfe,simplification_corpus/en/draft,SIMP-EN-0131,migrated,2026-09-23T14:13:31.785875,Engine adaptation from session None
Simplification Corpus,db_table:adaptations,d1b4a407-0d22-448e-b3cd-27f4e86dd417,simplification_corpus/en/draft,SIMP-EN-0132,migrated,2026-09-23T14:13:31.786876,Engine adaptation from session None
Simplification Corpus,db_table:adaptations,95ec8aae-2ff6-4841-adb0-31af566bdf1a,simplification_corpus/en/draft,SIMP-EN-0133,migrated,2026-09-23T14:13:31.786876,Engine adaptation from session None
Simplification Corpus,db_table:adaptations,9a6d7360-e740-4463-aa3f-14330a3d261c,simplification_corpus/en/draft,SIMP-EN-0134,migrated,2026-09-23T14:13:31.787875,Engine adaptation from session None
Simplification Corpus,db_table:adaptations,8a170221-817a-4d07-8ff7-4e074a998472,simplification_corpus/en/draft,SIMP-EN-0135,migrated,2026-09-23T14:13:31.788388,Engine adaptation from session None
Simplification Corpus,db_table:adaptations,a4985401-ea76-4bc9-86e4-8a91d76e240a,simplification_corpus/en/draft,SIMP-EN-0136,migrated,2026-09-23T14:13:31.791295,Engine adaptation from session None
Simplification Corpus,db_table:adaptations,c70e6514-a6e5-41fe-bf7c-1c8cf427bbb1,simplification_corpus/en/draft,SIMP-EN-0137,migrated,2026-09-23T14:13:31.793145,Engine adaptation from session None
Simplification Corpus,db_table:adaptations,0aebd549-c7d3-45d1-bd13-52db28f29320,simplification_corpus/en/draft,SIMP-EN-0138,migrated,2026-09-23T14:13:31.794154,Engine adaptation from session None
Simplification Corpus,db_table:adaptations,07b50bc6-f3ad-4145-81e6-848e2ff53478,simplification_corpus/en/draft,SIMP-EN-0139,migrated,2026-09-23T14:13:31.797623,Engine adaptation from session None
Simplification Corpus,db_table:adaptations,66d08798-6f5d-4bfd-82ad-a40495e5ee0d,simplification_corpus/en/draft,SIMP-EN-0140,migrated,2026-09-23T14:13:31.798147,Engine adaptation from session None
Simplification Corpus,db_table:adaptations,dda16a5f-11dd-4f36-a1e4-3da2308dd5e9,simplification_corpus/en/draft,SIMP-EN-0141,migrated,2026-09-23T14:13:31.801417,Engine adaptation from session None
Simplification Corpus,db_table:adaptations,8964645c-8534-48ef-bfd4-9b5151cd2773,simplification_corpus/en/draft,SIMP-EN-0142,migrated,2026-09-23T14:13:31.802423,Engine adaptation from session None
Simplification Corpus,db_table:adaptations,daef319f-bcb2-4b7a-bf65-cf49e0b5a720,simplification_corpus/en/draft,SIMP-EN-0143,migrated,2026-09-23T14:13:31.803437,Engine adaptation from session None
Simplification Corpus,db_table:adaptations,445b338d-54ac-49f9-ab3c-bc7b5f0ac0a3,simplification_corpus/en/draft,SIMP-EN-0144,migrated,2026-09-23T14:13:31.805434,Engine adaptation from session None
Simplification Corpus,db_table:adaptations,85c38553-d9a6-40c9-aa1f-90a0009c2d3e,simplification_corpus/en/draft,SIMP-EN-0145,migrated,2026-09-23T14:13:31.806705,Engine adaptation from session None
Simplification Corpus,db_table:adaptations,89233bd1-3f7c-44a7-9053-7256c963fece,simplification_corpus/en/draft,SIMP-EN-0146,migrated,2026-09-23T14:13:31.806705,Engine adaptation from session None
Simplification Corpus,db_table:adaptations,75ee2d86-5c1d-4132-88b4-a4b286f7158b,simplification_corpus/en/draft,SIMP-EN-0147,migrated,2026-09-23T14:13:31.808240,Engine adaptation from session None
Simplification Corpus,db_table:adaptations,50c49d16-9b49-4858-a86f-e4b886a8f3bc,simplification_corpus/en/draft,SIMP-EN-0148,migrated,2026-09-23T14:13:31.808240,Engine adaptation from session None
Simplification Corpus,db_table:adaptations,752099b2-9986-40ff-8288-182464223199,simplification_corpus/en/draft,SIMP-EN-0149,migrated,2026-09-23T14:13:31.809257,Engine adaptation from session None
Simplification Corpus,db_table:adaptations,54e21bfa-d419-411f-b650-3a275cf31172,simplification_corpus/en/draft,SIMP-EN-0150,migrated,2026-09-23T14:13:31.810257,Engine adaptation from session None
Simplification Corpus,db_table:adaptations,241ebef1-ff58-4d82-96f4-f6ea05daa785,simplification_corpus/en/draft,SIMP-EN-0151,migrated,2026-09-23T14:13:31.810257,Engine adaptation from session None
Simplification Corpus,db_table:adaptations,d7ebdb67-e078-4b61-a2f1-81c3595751c2,simplification_corpus/en/draft,SIMP-EN-0152,migrated,2026-09-23T14:13:31.811254,Engine adaptation from session None
Simplification Corpus,db_table:adaptations,a5e159dd-edaa-4ecf-a4e6-397416b72917,simplification_corpus/en/draft,SIMP-EN-0153,migrated,2026-09-23T14:13:31.811254,Engine adaptation from session None
Simplification Corpus,db_table:adaptations,7d5a0e62-a1b7-4743-8a8c-372bc704e7ea,simplification_corpus/en/draft,SIMP-EN-0154,migrated,2026-09-23T14:13:31.812251,Engine adaptation from session None
Simplification Corpus,db_table:adaptations,dac9676b-a93f-4eba-b671-2d88f52d250d,simplification_corpus/en/draft,SIMP-EN-0155,migrated,2026-09-23T14:13:31.814251,Engine adaptation from session None
Simplification Corpus,db_table:adaptations,d05997b2-f4ef-4f32-8bc5-699ccc6b60a9,simplification_corpus/en/draft,SIMP-EN-0156,migrated,2026-09-23T14:13:31.815269,Engine adaptation from session None
Simplification Corpus,db_table:adaptations,610a7bb8-d3fd-4d80-a951-3bf7bf87439f,simplification_corpus/en/draft,SIMP-EN-0157,migrated,2026-09-23T14:13:31.816274,Engine adaptation from session None
Simplification Corpus,db_table:adaptations,fd8df4f1-abf7-40fe-8f3d-ffa99d9de805,simplification_corpus/en/draft,SIMP-EN-0158,migrated,2026-09-23T14:13:31.816274,Engine adaptation from session None
Simplification Corpus,db_table:adaptations,240e30c5-1efd-46ec-af81-b1d22988bdc5,simplification_corpus/en/draft,SIMP-EN-0159,migrated,2026-09-23T14:13:31.817965,Engine adaptation from session None
Simplification Corpus,db_table:adaptations,98f87960-6214-4d95-b627-872f3b1adcd4,simplification_corpus/en/draft,SIMP-EN-0160,migrated,2026-09-23T14:13:31.818495,Engine adaptation from session None
Simplification Corpus,db_table:adaptations,ab0a140b-52d2-43d4-908d-e418c628a5cc,simplification_corpus/en/draft,SIMP-EN-0161,migrated,2026-09-23T14:13:31.819847,Engine adaptation from session None
Simplification Corpus,db_table:adaptations,9ff18b12-f336-406d-9637-3083cae6bc09,simplification_corpus/en/draft,SIMP-EN-0162,migrated,2026-09-23T14:13:31.820857,Engine adaptation from session None
Simplification Corpus,db_table:adaptations,ceee8b31-2b40-4ef8-9fb9-a025e5190003,simplification_corpus/en/draft,SIMP-EN-0163,migrated,2026-09-23T14:13:31.820857,Engine adaptation from session None
Simplification Corpus,db_table:adaptations,65f9bda9-6cae-4020-a296-b3ddabe7bebc,simplification_corpus/en/draft,SIMP-EN-0164,migrated,2026-09-23T14:13:31.822077,Engine adaptation from session None
Simplification Corpus,db_table:adaptations,a65b2298-8892-4ab6-8562-979df6ffbf75,simplification_corpus/en/draft,SIMP-EN-0165,migrated,2026-09-23T14:13:31.823068,Engine adaptation from session None
Simplification Corpus,db_table:adaptations,8423800a-6282-4c94-98de-d749d892df2b,simplification_corpus/en/draft,SIMP-EN-0166,migrated,2026-09-23T14:13:31.823068,Engine adaptation from session None
Simplification Corpus,db_table:adaptations,f402fac4-afd2-4400-81e2-5740d0dd284a,simplification_corpus/en/draft,SIMP-EN-0167,migrated,2026-09-23T14:13:31.824067,Engine adaptation from session None
Simplification Corpus,db_table:adaptations,12593d29-8b58-45e3-a265-7da31881c473,simplification_corpus/en/draft,SIMP-EN-0168,migrated,2026-09-23T14:13:31.824067,Engine adaptation from session None
Simplification Corpus,db_table:adaptations,4b87bead-9d10-4e7d-be46-206fbe8c7264,simplification_corpus/en/draft,SIMP-EN-0169,migrated,2026-09-23T14:13:31.826065,Engine adaptation from session None
Simplification Corpus,db_table:adaptations,6fc5ff8a-4273-45aa-b675-d396f68dba16,simplification_corpus/en/draft,SIMP-EN-0170,migrated,2026-09-23T14:13:31.826065,Engine adaptation from session None
Simplification Corpus,db_table:adaptations,6100c737-69a4-4789-bc2a-54f2a44993b5,simplification_corpus/en/draft,SIMP-EN-0171,migrated,2026-09-23T14:13:31.827573,Engine adaptation from session None
Simplification Corpus,db_table:adaptations,61d7e4cf-ae53-4bd4-bb80-535159edecae,simplification_corpus/en/draft,SIMP-EN-0172,migrated,2026-09-23T14:13:31.828582,Engine adaptation from session None
Simplification Corpus,db_table:adaptations,1b24c284-8794-42c1-872b-7973fc0c0297,simplification_corpus/en/draft,SIMP-EN-0173,migrated,2026-09-23T14:13:31.828582,Engine adaptation from session None
Simplification Corpus,db_table:adaptations,8ebe8fe3-f82c-4a35-b7c0-87137cb69acb,simplification_corpus/en/draft,SIMP-EN-0174,migrated,2026-09-23T14:13:31.829656,Engine adaptation from session None
Simplification Corpus,db_table:adaptations,da97f081-4fbf-453f-8018-892de6fc8d5d,simplification_corpus/en/draft,SIMP-EN-0175,migrated,2026-09-23T14:13:31.829656,Engine adaptation from session None
Simplification Corpus,db_table:adaptations,562f4f0e-b12c-40bd-85f3-36f98cc498d6,simplification_corpus/en/draft,SIMP-EN-0176,migrated,2026-09-23T14:13:31.830656,Engine adaptation from session None
Simplification Corpus,db_table:adaptations,36db306d-be93-4256-9f28-0f4f50a3ad92,simplification_corpus/en/draft,SIMP-EN-0177,migrated,2026-09-23T14:13:31.831655,Engine adaptation from session None
Simplification Corpus,db_table:adaptations,9de19132-950b-4c83-ba48-edc648c8ad64,simplification_corpus/en/draft,SIMP-EN-0178,migrated,2026-09-23T14:13:31.831655,Engine adaptation from session None
Simplification Corpus,db_table:adaptations,a55da89a-af38-4217-8bf2-c8a5aa2b4d49,simplification_corpus/en/draft,SIMP-EN-0179,migrated,2026-09-23T14:13:31.832655,Engine adaptation from session None
Simplification Corpus,db_table:adaptations,14ea67ca-d98c-4589-8d44-54d4da5aeade,simplification_corpus/en/draft,SIMP-EN-0180,migrated,2026-09-23T14:13:31.832655,Engine adaptation from session None
Simplification Corpus,db_table:adaptations,222138fd-0fa0-4d59-a1d4-17bcb199ff4e,simplification_corpus/en/draft,SIMP-EN-0181,migrated,2026-09-23T14:13:31.833655,Engine adaptation from session None
Simplification Corpus,db_table:adaptations,42fc9c8b-ba9b-4db8-9eb9-f1716a5923c4,simplification_corpus/en/draft,SIMP-EN-0182,migrated,2026-09-23T14:13:31.833655,Engine adaptation from session None
Simplification Corpus,db_table:adaptations,b3349ebf-0c42-4553-b687-16136959e2f6,simplification_corpus/en/draft,SIMP-EN-0183,migrated,2026-09-23T14:13:31.835664,Engine adaptation from session None
Simplification Corpus,db_table:adaptations,ecdddab4-d434-4372-9a8c-2cf4b45608ab,simplification_corpus/en/draft,SIMP-EN-0184,migrated,2026-09-23T14:13:31.836659,Engine adaptation from session None
Simplification Corpus,db_table:adaptations,6b8d1d2d-f2cb-4af9-a695-1bc9a0f12e55,simplification_corpus/en/draft,SIMP-EN-0185,migrated,2026-09-23T14:13:31.836659,Engine adaptation from session None
Simplification Corpus,db_table:adaptations,3a6a99ee-db49-463a-9c84-fd920ad55c69,simplification_corpus/en/draft,SIMP-EN-0186,migrated,2026-09-23T14:13:31.838245,Engine adaptation from session None
Simplification Corpus,db_table:adaptations,eebc7ea4-1014-491d-bdec-889984ede1c5,simplification_corpus/en/draft,SIMP-EN-0187,migrated,2026-09-23T14:13:31.838245,Engine adaptation from session None
Simplification Corpus,db_table:adaptations,03b880f6-fa1f-477a-a71a-b3a5c54dc435,simplification_corpus/en/draft,SIMP-EN-0188,migrated,2026-09-23T14:13:31.839264,Engine adaptation from session None
Simplification Corpus,db_table:adaptations,75ce9b08-9996-4a74-9189-5fcbaa1c16a0,simplification_corpus/en/draft,SIMP-EN-0189,migrated,2026-09-23T14:13:31.841262,Engine adaptation from session None
Simplification Corpus,db_table:adaptations,f7fb636e-ed46-497d-9eaf-ae48389c037e,simplification_corpus/en/draft,SIMP-EN-0190,migrated,2026-09-23T14:13:31.841262,Engine adaptation from session None
Simplification Corpus,db_table:adaptations,ddb47f99-1c44-4bcb-98ff-e6d68439e952,simplification_corpus/en/draft,SIMP-EN-0191,migrated,2026-09-23T14:13:31.842486,Engine adaptation from session None
Simplification Corpus,db_table:adaptations,66a4cc0e-f400-4bf2-a736-60d62f6a07e1,simplification_corpus/en/draft,SIMP-EN-0192,migrated,2026-09-23T14:13:31.843475,Engine adaptation from session None
Simplification Corpus,db_table:adaptations,f829508e-7a58-45ed-9027-f04e4546bded,simplification_corpus/en/draft,SIMP-EN-0193,migrated,2026-09-23T14:13:31.843475,Engine adaptation from session None
Simplification Corpus,db_table:adaptations,f9ea646f-0a7f-4c68-a8a5-2e27f29dc8e8,simplification_corpus/en/draft,SIMP-EN-0194,migrated,2026-09-23T14:13:31.844476,Engine adaptation from session None
Simplification Corpus,db_table:adaptations,0aedf07e-bdc4-4cff-a46a-2b6ef3a9e5cc,simplification_corpus/en/draft,SIMP-EN-0195,migrated,2026-09-23T14:13:31.845479,Engine adaptation from session None
Simplification Corpus,db_table:adaptations,afd9ea1c-20db-432a-93fc-485bca75e465,simplification_corpus/en/draft,SIMP-EN-0196,migrated,2026-09-23T14:13:31.845479,Engine adaptation from session None
Interaction Dataset,db_table:attempts,8c654625-4342-4cfa-a1ec-98138be0a615,interaction_dataset/private,INT-ed1c7022,migrated,2026-09-23T14:13:33.275739,"Learner: CHILD-002, Domain: vocabulary"
Interaction Dataset,db_table:attempts,4c61ce30-587a-4e8a-9fa8-aec10982d5dd,interaction_dataset/private,INT-44f2c9f1,migrated,2026-09-23T14:13:33.275739,"Learner: CHILD-002, Domain: grammar"
Interaction Dataset,db_table:attempts,4c61ce30-587a-4e8a-9fa8-aec10982d5dd,interaction_dataset/private,INT-63143fad,migrated,2026-09-23T14:13:33.275739,"Learner: CHILD-002, Domain: grammar"
Interaction Dataset,db_table:attempts,4c61ce30-587a-4e8a-9fa8-aec10982d5dd,interaction_dataset/private,INT-295920f3,migrated,2026-09-23T14:13:33.275739,"Learner: CHILD-002, Domain: grammar"
Interaction Dataset,db_table:attempts,5ee89f1a-9941-470e-8585-67bbef17e54d,interaction_dataset/private,INT-14ab376b,migrated,2026-09-23T14:13:33.275739,"Learner: CHILD-002, Domain: grammar"
Interaction Dataset,db_table:attempts,5ee89f1a-9941-470e-8585-67bbef17e54d,interaction_dataset/private,INT-01718d5f,migrated,2026-09-23T14:13:33.275739,"Learner: CHILD-002, Domain: grammar"
Interaction Dataset,db_table:attempts,5ee89f1a-9941-470e-8585-67bbef17e54d,interaction_dataset/private,INT-c3994314,migrated,2026-09-23T14:13:33.275739,"Learner: CHILD-002, Domain: grammar"
Interaction Dataset,db_table:attempts,3cb491cc-3dc4-4ac6-98d8-9031099d4c61,interaction_dataset/private,INT-f09978eb,migrated,2026-09-23T14:13:33.275739,"Learner: CHILD-001, Domain: grammar"
Interaction Dataset,db_table:attempts,3cb491cc-3dc4-4ac6-98d8-9031099d4c61,interaction_dataset/private,INT-5523f5b8,migrated,2026-09-23T14:13:33.275739,"Learner: CHILD-001, Domain: grammar"
Interaction Dataset,db_table:attempts,3cb491cc-3dc4-4ac6-98d8-9031099d4c61,interaction_dataset/private,INT-8ccbe54a,migrated,2026-09-23T14:13:33.275739,"Learner: CHILD-001, Domain: grammar"
Interaction Dataset,db_table:attempts,19985fcf-a3d9-47f6-9b4b-4bbe87cbca39,interaction_dataset/private,INT-528a4e69,migrated,2026-09-23T14:13:33.275739,"Learner: CHILD-003, Domain: grammar"
Interaction Dataset,db_table:attempts,19985fcf-a3d9-47f6-9b4b-4bbe87cbca39,interaction_dataset/private,INT-25d08c0d,migrated,2026-09-23T14:13:33.275739,"Learner: CHILD-003, Domain: grammar"
Interaction Dataset,db_table:attempts,19985fcf-a3d9-47f6-9b4b-4bbe87cbca39,interaction_dataset/private,INT-eaa4196e,migrated,2026-09-23T14:13:33.275739,"Learner: CHILD-003, Domain: grammar"
Interaction Dataset,db_table:attempts,03b79925-b0b8-409f-97a3-c3575c2a3730,interaction_dataset/private,INT-8ab3e489,migrated,2026-09-23T14:13:33.275739,"Learner: CHILD-001, Domain: vocabulary"
Interaction Dataset,db_table:attempts,4054b6e8-ac40-43a5-809d-dfb7b657c522,interaction_dataset/private,INT-6f743fb3,migrated,2026-09-23T14:13:33.275739,"Learner: CHILD-002, Domain: grammar"
Interaction Dataset,db_table:attempts,7d2a9555-2bdc-45b9-a7b8-55154b17a3d3,interaction_dataset/private,INT-e9aadecc,migrated,2026-09-23T14:13:33.275739,"Learner: CHILD-002, Domain: grammar"
Interaction Dataset,db_table:attempts,c125c84e-8d5f-4703-960a-4e558ea8b892,interaction_dataset/private,INT-22afd60a,migrated,2026-09-23T14:13:33.275739,"Learner: CHILD-002, Domain: grammar"
Interaction Dataset,db_table:attempts,c125c84e-8d5f-4703-960a-4e558ea8b892,interaction_dataset/private,INT-46c2d2b7,migrated,2026-09-23T14:13:33.275739,"Learner: CHILD-002, Domain: grammar"
Interaction Dataset,db_table:attempts,c125c84e-8d5f-4703-960a-4e558ea8b892,interaction_dataset/private,INT-beafbf27,migrated,2026-09-23T14:13:33.275739,"Learner: CHILD-002, Domain: grammar"
Interaction Dataset,db_table:attempts,7b1aba77-66eb-47c5-a266-a02ca0eb5118,interaction_dataset/private,INT-ba31b2f6,migrated,2026-09-23T14:13:33.275739,"Learner: CHILD-001, Domain: grammar"
Interaction Dataset,db_table:attempts,7b1aba77-66eb-47c5-a266-a02ca0eb5118,interaction_dataset/private,INT-e0752355,migrated,2026-09-23T14:13:33.275739,"Learner: CHILD-001, Domain: grammar"
Interaction Dataset,db_table:attempts,7b1aba77-66eb-47c5-a266-a02ca0eb5118,interaction_dataset/private,INT-4b71cb2d,migrated,2026-09-23T14:13:33.275739,"Learner: CHILD-001, Domain: grammar"
Interaction Dataset,db_table:attempts,f6964d67-5c26-411f-970c-fa8cd828ff81,interaction_dataset/private,INT-331ca2cb,migrated,2026-09-23T14:13:33.275739,"Learner: CHILD-003, Domain: grammar"
Interaction Dataset,db_table:attempts,f6964d67-5c26-411f-970c-fa8cd828ff81,interaction_dataset/private,INT-2cbd026f,migrated,2026-09-23T14:13:33.275739,"Learner: CHILD-003, Domain: grammar"
Interaction Dataset,db_table:attempts,f6964d67-5c26-411f-970c-fa8cd828ff81,interaction_dataset/private,INT-1fe455d8,migrated,2026-09-23T14:13:33.275739,"Learner: CHILD-003, Domain: grammar"
Interaction Dataset,db_table:attempts,3b717e51-da00-4030-b529-12bb8dfef097,interaction_dataset/private,INT-05a87562,migrated,2026-09-23T14:13:33.275739,"Learner: CHILD-001, Domain: vocabulary"
Interaction Dataset,db_table:attempts,2fea7201-4581-42d9-90a7-84f737f16e95,interaction_dataset/private,INT-dc3ac4fb,migrated,2026-09-23T14:13:33.275739,"Learner: CHILD-002, Domain: grammar"
Interaction Dataset,db_table:attempts,391c0932-8d9a-4f6d-b736-6d8e2485045f,interaction_dataset/private,INT-67e3aee4,migrated,2026-09-23T14:13:33.275739,"Learner: CHILD-002, Domain: grammar"
Interaction Dataset,db_table:attempts,46d3e373-788d-4f3b-a8cf-41c2e36ec04c,interaction_dataset/private,INT-cd6263de,migrated,2026-09-23T14:13:33.275739,"Learner: CHILD-001, Domain: grammar"
Interaction Dataset,db_table:attempts,46d3e373-788d-4f3b-a8cf-41c2e36ec04c,interaction_dataset/private,INT-72bcac26,migrated,2026-09-23T14:13:33.275739,"Learner: CHILD-001, Domain: grammar"
Interaction Dataset,db_table:attempts,46d3e373-788d-4f3b-a8cf-41c2e36ec04c,interaction_dataset/private,INT-bd4cd3a8,migrated,2026-09-23T14:13:33.275739,"Learner: CHILD-001, Domain: grammar"
Interaction Dataset,db_table:attempts,b5b210eb-a7d9-46f0-a7d3-0413fd543917,interaction_dataset/private,INT-382ad38b,migrated,2026-09-23T14:13:33.275739,"Learner: CHILD-003, Domain: grammar"
Interaction Dataset,db_table:attempts,b5b210eb-a7d9-46f0-a7d3-0413fd543917,interaction_dataset/private,INT-9b4e0cfc,migrated,2026-09-23T14:13:33.275739,"Learner: CHILD-003, Domain: grammar"
Interaction Dataset,db_table:attempts,b5b210eb-a7d9-46f0-a7d3-0413fd543917,interaction_dataset/private,INT-7acadcc2,migrated,2026-09-23T14:13:33.275739,"Learner: CHILD-003, Domain: grammar"
Interaction Dataset,db_table:attempts,ba652714-e1ca-4cc6-809b-89d0788cba83,interaction_dataset/private,INT-ef2dbd52,migrated,2026-09-23T14:13:33.275739,"Learner: CHILD-001, Domain: vocabulary"
Interaction Dataset,db_table:attempts,4cb134db-6f8a-4bb3-9636-b812d72714b2,interaction_dataset/private,INT-c31642d5,migrated,2026-09-23T14:13:33.275739,"Learner: CHILD-002, Domain: grammar"
Interaction Dataset,db_table:attempts,905e174a-6689-43d0-8023-281e90cb7f29,interaction_dataset/private,INT-5b614f30,migrated,2026-09-23T14:13:33.275739,"Learner: CHILD-002, Domain: grammar"
Interaction Dataset,db_table:attempts,67d2df09-fe8d-4879-a42e-a22925e4d5f8,interaction_dataset/private,INT-9367434e,migrated,2026-09-23T14:13:33.275739,"Learner: CHILD-001, Domain: vocabulary"
Interaction Dataset,db_table:attempts,269694c7-af8b-4ea5-bc79-829d715c6da0,interaction_dataset/private,INT-5269f76c,migrated,2026-09-23T14:13:33.275739,"Learner: CHILD-001, Domain: grammar"
Interaction Dataset,db_table:attempts,269694c7-af8b-4ea5-bc79-829d715c6da0,interaction_dataset/private,INT-20b24ebc,migrated,2026-09-23T14:13:33.275739,"Learner: CHILD-001, Domain: grammar"
Interaction Dataset,db_table:attempts,269694c7-af8b-4ea5-bc79-829d715c6da0,interaction_dataset/private,INT-f44a4161,migrated,2026-09-23T14:13:33.275739,"Learner: CHILD-001, Domain: grammar"
Interaction Dataset,db_table:attempts,6a1045c8-5031-4eef-981d-f75df926765c,interaction_dataset/private,INT-b506890f,migrated,2026-09-23T14:13:33.275739,"Learner: CHILD-003, Domain: grammar"
Interaction Dataset,db_table:attempts,6a1045c8-5031-4eef-981d-f75df926765c,interaction_dataset/private,INT-df9e2e19,migrated,2026-09-23T14:13:33.275739,"Learner: CHILD-003, Domain: grammar"
Interaction Dataset,db_table:attempts,6a1045c8-5031-4eef-981d-f75df926765c,interaction_dataset/private,INT-4d5ce43d,migrated,2026-09-23T14:13:33.275739,"Learner: CHILD-003, Domain: grammar"
Interaction Dataset,db_table:attempts,ef5292e4-4c02-4eb3-907d-3793c4cadd5a,interaction_dataset/private,INT-da0eec7d,migrated,2026-09-23T14:13:33.275739,"Learner: CHILD-001, Domain: vocabulary"
Interaction Dataset,db_table:attempts,e9e4a0ca-4e88-4e78-b3c2-3ad4f5eaf1e3,interaction_dataset/private,INT-057a3104,migrated,2026-09-23T14:13:33.275739,"Learner: CHILD-002, Domain: grammar"
Interaction Dataset,db_table:attempts,1d80cac4-b075-4803-ab2d-db3c9e98b6f1,interaction_dataset/private,INT-b1909f70,migrated,2026-09-23T14:13:33.275739,"Learner: CHILD-002, Domain: grammar"
Interaction Dataset,db_table:attempts,2fc42f8d-28c2-4827-9f01-9d764ee2d74c,interaction_dataset/private,INT-a1c8f548,migrated,2026-09-23T14:13:33.275739,"Learner: CHILD-001, Domain: vocabulary"
Interaction Dataset,db_table:attempts,a3e2b374-50f3-4373-8f0f-335cf45cbcb6,interaction_dataset/private,INT-a66d79bc,migrated,2026-09-23T14:13:33.275739,"Learner: CHILD-001, Domain: vocabulary"
Interaction Dataset,db_table:attempts,f6e018e0-e1b2-4851-8a0f-3162ea09ce62,interaction_dataset/private,INT-df8f5c7f,migrated,2026-09-23T14:13:33.275739,"Learner: CHILD-001, Domain: vocabulary"
Interaction Dataset,db_table:attempts,c2c4a882-361d-44df-a2ed-9d3e77daa382,interaction_dataset/private,INT-3a6e57d4,migrated,2026-09-23T14:13:33.275739,"Learner: CHILD-001, Domain: vocabulary"
Interaction Dataset,db_table:attempts,cfe5cdb4-6bac-4634-822a-c056f8a2885a,interaction_dataset/private,INT-df3f7a96,migrated,2026-09-23T14:13:33.275739,"Learner: CHILD-003, Domain: vocabulary"
Interaction Dataset,db_table:attempts,56a27d74-72ee-4371-8f77-4affedb7accf,interaction_dataset/private,INT-dfd641f8,migrated,2026-09-23T14:13:33.275739,"Learner: CHILD-003, Domain: grammar"
Interaction Dataset,db_table:attempts,8f448a7f-ad5d-4930-b7e8-034980a86ef2,interaction_dataset/private,INT-0b054ed3,migrated,2026-09-23T14:13:33.275739,"Learner: CHILD-003, Domain: comprehension"
Interaction Dataset,db_table:attempts,ad53c631-0534-43bb-a0e0-e6b254a8187f,interaction_dataset/private,INT-8c81ebdf,migrated,2026-09-23T14:13:33.275739,"Learner: CHILD-003, Domain: sentence_and_instruction"
Interaction Dataset,db_table:attempts,e4b9bd95-07a4-453b-a670-a92dfff349aa,interaction_dataset/private,INT-1d500a90,migrated,2026-09-23T14:13:33.275739,"Learner: CHILD-002, Domain: vocabulary"
Interaction Dataset,db_table:attempts,9d7dd5c7-6265-474b-9d38-e88af75c0804,interaction_dataset/private,INT-30dcb563,migrated,2026-09-23T14:13:33.275739,"Learner: CHILD-003, Domain: vocabulary"
Interaction Dataset,db_table:attempts,1ada44f5-8d0c-4fbd-bd72-1f45c8807ae4,interaction_dataset/private,INT-4f52a607,migrated,2026-09-23T14:13:33.275739,"Learner: CHILD-003, Domain: vocabulary"
Interaction Dataset,db_table:attempts,47072697-56c6-4c18-a056-5e6360de1fdd,interaction_dataset/private,INT-299c3980,migrated,2026-09-23T14:13:33.275739,"Learner: CHILD-003, Domain: grammar"
Interaction Dataset,db_table:attempts,d4ac3654-2f1e-4f5a-b180-a1627173f5b6,interaction_dataset/private,INT-9a227d7b,migrated,2026-09-23T14:13:33.275739,"Learner: CHILD-003, Domain: comprehension"
Interaction Dataset,db_table:attempts,f2f09c0d-1ad3-46bb-9a15-1d3e4c1f2076,interaction_dataset/private,INT-251f2f91,migrated,2026-09-23T14:13:33.275739,"Learner: CHILD-003, Domain: sentence_and_instruction"
Interaction Dataset,db_table:attempts,e8c508bf-d13f-4efa-85d4-5995f9c725a7,interaction_dataset/private,INT-609d432b,migrated,2026-09-23T14:13:33.275739,"Learner: CHILD-002, Domain: vocabulary"
Interaction Dataset,db_table:attempts,a77c2777-c9e6-4d0e-813d-de51eb82b074,interaction_dataset/private,INT-e10d5a8a,migrated,2026-09-23T14:13:33.275739,"Learner: CHILD-003, Domain: vocabulary"
Interaction Dataset,db_table:attempts,c092a4cf-4f5d-4303-a4c6-c728ebd0fa28,interaction_dataset/private,INT-f3fff5c2,migrated,2026-09-23T14:13:33.275739,"Learner: CHILD-003, Domain: grammar"
Interaction Dataset,db_table:attempts,587e5028-269b-48b2-be56-abb3c0974a17,interaction_dataset/private,INT-6cd7598e,migrated,2026-09-23T14:13:33.275739,"Learner: CHILD-003, Domain: comprehension"
Interaction Dataset,db_table:attempts,4d5f8eaf-295e-4fbf-b542-6703c6e08800,interaction_dataset/private,INT-03551870,migrated,2026-09-23T14:13:33.275739,"Learner: CHILD-003, Domain: sentence_and_instruction"
Interaction Dataset,db_table:attempts,213c3cdf-a898-4fa2-80b4-2e95a2a3f2c6,interaction_dataset/private,INT-b5e947c1,migrated,2026-09-23T14:13:33.275739,"Learner: CHILD-002, Domain: vocabulary"
Interaction Dataset,db_table:attempts,cff745eb-d165-4467-8be1-1b0dd3c07169,interaction_dataset/private,INT-4256ff76,migrated,2026-09-23T14:13:33.275739,"Learner: CHILD-001, Domain: grammar"
Interaction Dataset,db_table:attempts,cff745eb-d165-4467-8be1-1b0dd3c07169,interaction_dataset/private,INT-1bd35cac,migrated,2026-09-23T14:13:33.275739,"Learner: CHILD-001, Domain: grammar"
Interaction Dataset,db_table:attempts,cff745eb-d165-4467-8be1-1b0dd3c07169,interaction_dataset/private,INT-93d2e966,migrated,2026-09-23T14:13:33.275739,"Learner: CHILD-001, Domain: grammar"
Interaction Dataset,db_table:attempts,24dca490-b7f3-47c1-b09b-92c15e60fc25,interaction_dataset/private,INT-60060ea8,migrated,2026-09-23T14:13:33.275739,"Learner: CHILD-003, Domain: grammar"
Interaction Dataset,db_table:attempts,24dca490-b7f3-47c1-b09b-92c15e60fc25,interaction_dataset/private,INT-3b9f3210,migrated,2026-09-23T14:13:33.275739,"Learner: CHILD-003, Domain: grammar"
Interaction Dataset,db_table:attempts,24dca490-b7f3-47c1-b09b-92c15e60fc25,interaction_dataset/private,INT-55fc4a3b,migrated,2026-09-23T14:13:33.275739,"Learner: CHILD-003, Domain: grammar"
Interaction Dataset,db_table:attempts,61368c56-05cf-41c8-a261-90acf1ae860e,interaction_dataset/private,INT-ec01d4b9,migrated,2026-09-23T14:13:33.275739,"Learner: CHILD-001, Domain: vocabulary"
Interaction Dataset,db_table:attempts,de3f42b2-1dfa-45eb-b79a-a568ed244bf5,interaction_dataset/private,INT-59f77a7d,migrated,2026-09-23T14:13:33.275739,"Learner: CHILD-002, Domain: grammar"
Interaction Dataset,db_table:attempts,d3189490-1b9b-4cbc-a7ee-d9eb9aa93a39,interaction_dataset/private,INT-f44418a9,migrated,2026-09-23T14:13:33.275739,"Learner: CHILD-002, Domain: grammar"
Interaction Dataset,db_table:attempts,04352d6e-d0fe-47e9-9067-ca60de2696f1,interaction_dataset/private,INT-eacfa1e1,migrated,2026-09-23T14:13:33.275739,"Learner: CHILD-001, Domain: vocabulary"
